Mon Sep 26 15:19:21 2016,1533,-4006,610,7006,39,196,-88
Mon Sep 26 15:19:21 2016,1542,-3924,562,7076,43,269,-99
Mon Sep 26 15:19:21 2016,1551,-3892,526,7008,42,333,-98
Mon Sep 26 15:19:21 2016,1560,-4098,596,7002,55,377,-97
Mon Sep 26 15:19:21 2016,1569,-4066,566,6954,53,394,-98
Mon Sep 26 15:19:21 2016,1579,-4128,586,6950,42,410,-88
Mon Sep 26 15:19:21 2016,1587,-3984,562,6918,45,415,-91
Mon Sep 26 15:19:21 2016,1596,-4006,414,7164,100,521,-93
Mon Sep 26 15:19:21 2016,1605,-3988,206,7074,172,584,-160
Mon Sep 26 15:19:21 2016,1613,-3644,748,6814,146,753,-49
Mon Sep 26 15:19:21 2016,1622,-4334,314,7356,217,954,-24
Mon Sep 26 15:19:21 2016,1631,-4348,730,6930,311,1024,-52
Mon Sep 26 15:19:21 2016,1639,-4182,796,7390,341,1179,-172
Mon Sep 26 15:19:21 2016,1648,-4142,1064,6918,341,1285,-447
Mon Sep 26 15:19:21 2016,1657,-4024,1416,7584,377,1390,-699
Mon Sep 26 15:19:21 2016,1666,-3918,1572,7408,126,1561,-1143
Mon Sep 26 15:19:21 2016,1711,-3808,636,7950,201,1472,-1428
Mon Sep 26 15:19:21 2016,1720,-3664,586,7784,271,1383,-1827
Mon Sep 26 15:19:21 2016,1729,-2330,1960,9076,144,1096,-1890
Mon Sep 26 15:19:21 2016,1739,-1526,2538,9450,-204,624,-1868
Mon Sep 26 15:19:21 2016,1748,-102,2946,9848,-454,483,-1722
Mon Sep 26 15:19:21 2016,1757,-1370,2818,10790,-303,378,-1169
Mon Sep 26 15:19:21 2016,1766,-1366,3242,10774,-54,108,-792
Mon Sep 26 15:19:21 2016,1775,-288,3618,10192,-58,-380,-425
Mon Sep 26 15:19:21 2016,1784,602,3862,9814,-186,-526,-292
Mon Sep 26 15:19:21 2016,1793,504,3582,10214,-352,-737,-125
Mon Sep 26 15:19:21 2016,1802,400,3214,10330,-324,-938,5
Mon Sep 26 15:19:21 2016,1812,278,2836,10342,-30,-1299,310
Mon Sep 26 15:19:21 2016,1821,24,2490,10342,257,-1584,557
Mon Sep 26 15:19:21 2016,1830,-144,2562,10032,588,-1953,920
Mon Sep 26 15:19:21 2016,1839,-120,2702,9538,622,-2090,1121
Mon Sep 26 15:19:21 2016,1867,-246,2210,9302,476,-2209,1397
Mon Sep 26 15:19:21 2016,1876,-886,2398,9308,380,-2190,1467
Mon Sep 26 15:19:21 2016,1885,-1556,2228,9496,394,-2260,1610
Mon Sep 26 15:19:21 2016,1894,-2110,2266,9214,410,-2359,1669
Mon Sep 26 15:19:21 2016,1903,-1988,2330,8710,376,-2415,1726
Mon Sep 26 15:19:21 2016,1912,-1798,2404,8034,316,-2348,1724
Mon Sep 26 15:19:21 2016,1922,-1922,2440,7848,319,-2125,1729
Mon Sep 26 15:19:21 2016,1931,-3228,2310,8662,459,-2053,1749
Mon Sep 26 15:19:21 2016,1940,-3962,2716,9046,617,-2230,1862
Mon Sep 26 15:19:21 2016,1949,-3620,3264,8740,567,-2387,1905
Mon Sep 26 15:19:21 2016,1958,-3070,3310,8154,329,-2412,1947
Mon Sep 26 15:19:21 2016,1967,-2692,3264,7890,158,-2318,1988
Mon Sep 26 15:19:21 2016,1976,-2894,3046,8112,29,-2194,2071
Mon Sep 26 15:19:21 2016,1985,-3352,2774,8436,68,-2178,2133
Mon Sep 26 15:19:21 2016,1994,-3344,2654,8402,161,-2258,2204
Mon Sep 26 15:19:21 2016,2022,-2848,2444,7956,190,-2283,2220
Mon Sep 26 15:19:21 2016,2031,-2480,2362,7564,207,-2158,2184
Mon Sep 26 15:19:21 2016,2040,-2142,2020,7364,214,-2022,2117
Mon Sep 26 15:19:21 2016,2049,-2420,1846,7714,375,-1844,2052
Mon Sep 26 15:19:21 2016,2058,-3480,1862,8620,505,-1877,1987
Mon Sep 26 15:19:21 2016,2067,-3520,2000,8792,567,-2125,1875
Mon Sep 26 15:19:21 2016,2077,-2680,2204,8190,507,-2231,1759
Mon Sep 26 15:19:21 2016,2086,-1918,1996,7746,454,-2193,1619
Mon Sep 26 15:19:21 2016,2095,-1488,1684,7610,539,-2075,1576
Mon Sep 26 15:19:21 2016,2104,-1820,1578,8018,742,-1960,1573
Mon Sep 26 15:19:21 2016,2113,-1960,1652,8190,858,-1983,1555
Mon Sep 26 15:19:21 2016,2122,-1904,1610,8224,852,-2050,1464
Mon Sep 26 15:19:21 2016,2131,-1742,1364,8088,824,-2081,1360
Mon Sep 26 15:19:21 2016,2140,-1396,1016,7680,813,-2124,1219
Mon Sep 26 15:19:21 2016,2149,-1372,732,7546,862,-2108,1085
Mon Sep 26 15:19:21 2016,2177,-1608,488,7648,1049,-2081,883
Mon Sep 26 15:19:21 2016,2186,-2378,256,8028,1228,-2190,724
Mon Sep 26 15:19:21 2016,2195,-2656,332,7844,1488,-2470,474
Mon Sep 26 15:19:21 2016,2204,-2704,248,7484,1546,-2644,288
Mon Sep 26 15:19:21 2016,2213,-2438,42,6600,1609,-2759,-21
Mon Sep 26 15:19:21 2016,2222,-2566,-194,6108,1684,-2775,-238
Mon Sep 26 15:19:21 2016,2231,-3308,-312,6208,1932,-2765,-528
Mon Sep 26 15:19:21 2016,2240,-4252,-240,5790,2120,-2849,-694
Mon Sep 26 15:19:21 2016,2249,-4324,-202,5118,2348,-2964,-904
Mon Sep 26 15:19:21 2016,2258,-4194,-92,3804,2454,-2889,-1003
Mon Sep 26 15:19:21 2016,2267,-4472,200,3054,2450,-2497,-1144
Mon Sep 26 15:19:21 2016,2276,-5166,918,2118,2292,-2168,-1253
Mon Sep 26 15:19:22 2016,2286,-5812,1308,1616,1903,-1598,-1249
Mon Sep 26 15:19:22 2016,2295,-7116,1902,1172,1626,-1237,-1100
Mon Sep 26 15:19:22 2016,2304,-7332,2100,514,1149,-626,-680
Mon Sep 26 15:19:22 2016,2331,-7190,2600,-386,754,-46,-254
Mon Sep 26 15:19:22 2016,2340,-8210,2958,-646,-16,988,354
Mon Sep 26 15:19:22 2016,2349,-10010,2494,-34,-479,1565,785
Mon Sep 26 15:19:22 2016,2358,-10846,2606,316,-1004,2308,1538
Mon Sep 26 15:19:22 2016,2367,-10666,2376,524,-1333,2803,2005
Mon Sep 26 15:19:22 2016,2376,-10026,2324,1558,-1879,3622,2670
Mon Sep 26 15:19:22 2016,2385,11932,2576,16390,-2457,4472,2612
Mon Sep 26 15:19:22 2016,2394,19114,17872,24848,-3330,4764,1779
Mon Sep 26 15:19:22 2016,2403,4062,-5450,-2030,-5245,5923,-1232
Mon Sep 26 15:19:22 2016,2412,-684,-14678,2750,-5413,6825,-2741
Mon Sep 26 15:19:22 2016,2421,-7422,-14836,15342,-2830,7394,-1417
Mon Sep 26 15:19:22 2016,2430,-8738,-11514,10516,-643,7075,-1642
Mon Sep 26 15:19:22 2016,2439,-10380,-2970,13726,91,6933,-1744
Mon Sep 26 15:19:22 2016,2449,-10272,5894,10624,186,5721,-990
Mon Sep 26 15:19:22 2016,2458,-7938,3676,9766,-142,5196,-452
Mon Sep 26 15:19:22 2016,2485,-6560,864,10136,-264,4507,-99
Mon Sep 26 15:19:22 2016,2495,-8412,2500,8048,-639,4553,-842
Mon Sep 26 15:19:22 2016,2504,-14012,6298,7718,-1713,3247,-468
Mon Sep 26 15:19:22 2016,2513,-4774,-106,9470,-1740,2651,-601
Mon Sep 26 15:19:22 2016,2522,-4882,-334,6856,-1908,1828,-762
Mon Sep 26 15:19:22 2016,2531,-3598,1966,8422,-1901,1709,-913
Mon Sep 26 15:19:22 2016,2540,-4020,1276,7638,-2001,1585,-886
Mon Sep 26 15:19:22 2016,2549,-1650,1460,7490,-1946,1582,-1041
Mon Sep 26 15:19:22 2016,2558,-4118,704,7598,-1780,1689,-1111
Mon Sep 26 15:19:22 2016,2567,-5552,-2334,7228,-1316,1365,-1062
Mon Sep 26 15:19:22 2016,2577,-3064,-252,7690,-854,1195,-685
Mon Sep 26 15:19:22 2016,2586,-3966,-498,7728,-494,1336,-582
Mon Sep 26 15:19:22 2016,2595,-3470,394,8406,-270,1535,-354
Mon Sep 26 15:19:22 2016,2604,-4330,1916,9674,-27,1644,-185
Mon Sep 26 15:19:22 2016,2613,-4712,1422,7168,-151,1562,-233
Mon Sep 26 15:19:22 2016,2641,-4046,1666,7440,-70,1373,-247
Mon Sep 26 15:19:22 2016,2650,-3806,1688,6228,-140,1035,-251
Mon Sep 26 15:19:22 2016,2659,-3810,274,7192,-172,985,-357
Mon Sep 26 15:19:22 2016,2668,-4196,506,6772,-38,1086,-280
Mon Sep 26 15:19:22 2016,2677,-4944,230,6946,63,1115,-185
Mon Sep 26 15:19:22 2016,2686,-4634,706,6806,141,1060,-99
Mon Sep 26 15:19:22 2016,2696,-4194,822,6996,152,1122,-88
Mon Sep 26 15:19:22 2016,2705,-4650,742,7020,167,1171,-88
Mon Sep 26 15:19:22 2016,2714,-3790,702,7126,212,1211,-84
Mon Sep 26 15:19:22 2016,2723,-4444,934,7146,286,1432,-108
Mon Sep 26 15:19:22 2016,2732,-4806,836,6660,278,1379,-141
Mon Sep 26 15:19:22 2016,2741,-4714,684,6642,262,1302,-120
Mon Sep 26 15:19:22 2016,2750,-4380,548,6462,215,1250,-66
Mon Sep 26 15:19:22 2016,2759,-4630,730,6398,240,1216,-73
Mon Sep 26 15:19:22 2016,2769,-4826,732,6502,207,1195,-74
Mon Sep 26 15:19:22 2016,2796,-5004,704,6518,199,1116,-27
Mon Sep 26 15:19:22 2016,2805,-4530,752,6600,207,1061,-27
Mon Sep 26 15:19:22 2016,2814,-4752,1070,6422,182,1049,-41
Mon Sep 26 15:19:22 2016,2823,-4638,1178,6234,132,1034,-104
Mon Sep 26 15:19:22 2016,2832,-4480,1254,6214,58,1074,-258
Mon Sep 26 15:19:22 2016,2841,-4750,1276,5936,5,1098,-374
Mon Sep 26 15:19:22 2016,2850,-4966,640,6290,15,1028,-558
Mon Sep 26 15:19:22 2016,2859,-5456,918,5824,-76,889,-591
Mon Sep 26 15:19:22 2016,2868,-5078,946,6046,-159,694,-625
Mon Sep 26 15:19:22 2016,2878,-4782,1530,6592,-236,658,-667
Mon Sep 26 15:19:22 2016,2887,-4360,694,6692,-241,830,-780
Mon Sep 26 15:19:22 2016,2896,-4704,520,6540,-286,796,-890
Mon Sep 26 15:19:22 2016,2905,-4752,1160,6816,-218,974,-965
Mon Sep 26 15:19:22 2016,2914,-4632,1028,6908,-163,943,-712
Mon Sep 26 15:19:22 2016,2923,-4752,458,6438,-39,1245,-602
Mon Sep 26 15:19:22 2016,2950,-5182,154,6352,-89,1540,-469
Mon Sep 26 15:19:22 2016,2959,-4770,490,6572,-123,1856,-323
Mon Sep 26 15:19:22 2016,2968,-5266,656,5996,-158,2213,-232
Mon Sep 26 15:19:22 2016,2977,-5186,836,6616,-63,2855,-212
Mon Sep 26 15:19:22 2016,2986,-5380,1132,6584,56,3476,-336
Mon Sep 26 15:19:22 2016,2995,-4668,-72,7602,110,4749,-278
Mon Sep 26 15:19:22 2016,3004,-5182,398,7034,10,5575,-259
Mon Sep 26 15:19:22 2016,3013,-4880,622,7332,-284,6894,-209
Mon Sep 26 15:19:22 2016,3022,-3810,692,7242,-417,7801,-423
Mon Sep 26 15:19:22 2016,3031,-4266,746,7802,-528,9141,-630
Mon Sep 26 15:19:22 2016,3041,-7004,1816,7928,-595,9786,-787
Mon Sep 26 15:19:22 2016,3050,-7494,920,7116,-596,11424,-1194
Mon Sep 26 15:19:22 2016,3059,-5556,564,8060,-272,12259,-1071
Mon Sep 26 15:19:22 2016,3068,-8026,516,7736,172,13877,-662
Mon Sep 26 15:19:22 2016,3077,-10816,-344,4982,918,16802,-951
Mon Sep 26 15:19:22 2016,3105,-17568,3414,10008,2269,17077,-271
Mon Sep 26 15:19:22 2016,3114,-17080,2660,10972,4602,16790,-723
Mon Sep 26 15:19:22 2016,3123,-13620,2338,12276,5369,15845,-698
Mon Sep 26 15:19:22 2016,3132,-15504,3958,12000,6523,14009,-2311
Mon Sep 26 15:19:22 2016,3141,-12182,3188,19398,7015,12066,-3298
Mon Sep 26 15:19:22 2016,3150,-12602,626,15648,6758,10464,-2910
Mon Sep 26 15:19:22 2016,3159,-3394,1674,17762,5422,7597,-4242
Mon Sep 26 15:19:22 2016,3168,-32768,16638,23064,3147,4386,-3299
Mon Sep 26 15:19:22 2016,3177,-15892,17808,32767,3368,1443,-3024
Mon Sep 26 15:19:22 2016,3186,-2154,9858,23898,314,-4844,-2637
Mon Sep 26 15:19:22 2016,3195,1086,7658,16892,-843,-7328,-2170
Mon Sep 26 15:19:22 2016,3204,2924,4040,10668,-1471,-7978,-2016
Mon Sep 26 15:19:22 2016,3214,2036,3786,10012,-1215,-7763,-1946
Mon Sep 26 15:19:22 2016,3223,-1140,3684,10002,-441,-8347,-1504
Mon Sep 26 15:19:22 2016,3232,-3276,3960,10498,-112,-9302,-1092
Mon Sep 26 15:19:22 2016,3259,-3642,4288,9228,262,-10731,-473
Mon Sep 26 15:19:22 2016,3268,-3154,4274,7348,282,-11335,-169
Mon Sep 26 15:19:22 2016,3277,-2928,3340,4904,345,-11474,98
Mon Sep 26 15:19:22 2016,3287,-3202,2662,3886,539,-11238,230
Mon Sep 26 15:19:22 2016,3296,-5846,1986,5706,1091,-10585,320
Mon Sep 26 15:19:22 2016,3305,-6038,1450,5718,1752,-10789,597
Mon Sep 26 15:19:22 2016,3314,-7306,1646,6698,2567,-10656,803
Mon Sep 26 15:19:23 2016,3323,-7324,1952,6712,3039,-10761,1073
Mon Sep 26 15:19:23 2016,3332,-7810,2074,7472,3413,-10679,1639
Mon Sep 26 15:19:23 2016,3341,-8282,2114,7690,3479,-10577,2064
Mon Sep 26 15:19:23 2016,3350,-9622,1688,8588,3427,-10488,2742
Mon Sep 26 15:19:23 2016,3359,-10194,1492,8820,3225,-10427,3210
Mon Sep 26 15:19:23 2016,3368,-10174,638,9402,2956,-10415,3906
Mon Sep 26 15:19:23 2016,3377,-10208,616,8954,2706,-10307,4324
Mon Sep 26 15:19:23 2016,3386,-9764,-60,9522,2329,-10186,4929
Mon Sep 26 15:19:23 2016,3416,-9334,-624,9906,2040,-9867,5172
Mon Sep 26 15:19:23 2016,3425,-9786,-1144,10646,1891,-9662,5186
Mon Sep 26 15:19:23 2016,3434,-10370,-1172,11866,1800,-9500,5082
Mon Sep 26 15:19:23 2016,3443,-12390,-1054,13382,1706,-9515,4714
Mon Sep 26 15:19:23 2016,3452,-13160,-686,14042,1643,-9729,4387
Mon Sep 26 15:19:23 2016,3461,-13832,358,14588,1486,-10135,3838
Mon Sep 26 15:19:23 2016,3471,-15004,1136,14350,1362,-10323,3433
Mon Sep 26 15:19:23 2016,3480,-17304,1248,13414,1347,-10594,3018
Mon Sep 26 15:19:23 2016,3489,-18034,1420,12078,1649,-10655,2899
Mon Sep 26 15:19:23 2016,3498,-18442,294,6418,2618,-10388,2900
Mon Sep 26 15:19:23 2016,3507,-18414,-878,2612,4098,-9151,3263
Mon Sep 26 15:19:23 2016,3516,-18730,-2910,-1216,5024,-7959,3759
Mon Sep 26 15:19:23 2016,3525,-20358,-6134,-2642,5847,-6722,4359
Mon Sep 26 15:19:23 2016,3534,-25392,-5212,-7230,6275,-5578,5064
Mon Sep 26 15:19:23 2016,3543,-24976,-4580,-12028,5100,-4654,4761
Mon Sep 26 15:19:23 2016,3571,-22422,-5464,-15406,1835,-2075,3141
Mon Sep 26 15:19:23 2016,3580,-20786,-5386,-13478,-367,84,1659
Mon Sep 26 15:19:23 2016,3589,-20192,-4404,-6226,-2812,2598,-508
Mon Sep 26 15:19:23 2016,3598,-19054,-4546,-622,-3327,3295,-1441
Mon Sep 26 15:19:23 2016,3608,-16068,-864,3070,-3089,3346,-1789
Mon Sep 26 15:19:23 2016,3617,13074,-456,-12810,-2663,6172,-2837
Mon Sep 26 15:19:23 2016,3626,-6914,7920,2688,-4365,7640,-3824
Mon Sep 26 15:19:23 2016,3635,7292,6606,14182,-5131,7854,-4845
Mon Sep 26 15:19:23 2016,3644,322,-8738,2202,-3329,10646,-2510
Mon Sep 26 15:19:23 2016,3654,-16964,-9064,18188,-1726,11274,-1787
Mon Sep 26 15:19:23 2016,3663,-16210,-6980,21696,-831,9990,-1389
Mon Sep 26 15:19:23 2016,3672,-13520,3274,10822,-503,9199,-1335
Mon Sep 26 15:19:23 2016,3681,-9698,8054,11164,-894,7825,-464
Mon Sep 26 15:19:23 2016,3690,-6998,1644,9426,-729,8476,-1304
Mon Sep 26 15:19:23 2016,3700,-13548,32,8114,-2279,5381,-637
Mon Sep 26 15:19:23 2016,3727,-8734,-472,10720,-2125,4537,-801
Mon Sep 26 15:19:23 2016,3737,-8874,390,9858,-1846,3444,-1123
Mon Sep 26 15:19:23 2016,3746,-6850,300,6844,-2055,2723,-1043
Mon Sep 26 15:19:23 2016,3755,-6044,-1344,8220,-1723,2086,-1123
Mon Sep 26 15:19:23 2016,3764,-5028,2006,8132,-1615,1433,-996
Mon Sep 26 15:19:23 2016,3773,-4214,808,6938,-1713,1000,-1141
Mon Sep 26 15:19:23 2016,3783,-3626,-440,7826,-1547,864,-1148
Mon Sep 26 15:19:23 2016,3792,-4228,1178,7420,-1508,625,-1058
Mon Sep 26 15:19:23 2016,3801,-3572,60,7570,-1344,511,-987
Mon Sep 26 15:19:23 2016,3810,-4300,28,7410,-920,441,-750
Mon Sep 26 15:19:23 2016,3819,-3578,302,7142,-602,583,-516
Mon Sep 26 15:19:23 2016,3829,-4556,796,7406,-530,601,-358
Mon Sep 26 15:19:23 2016,3838,-4102,576,7308,-494,744,-283
Mon Sep 26 15:19:23 2016,3847,-4528,796,7282,-475,895,-189
Mon Sep 26 15:19:23 2016,3875,-4232,1144,7374,-393,856,-197
Mon Sep 26 15:19:23 2016,3884,-3912,1352,7146,-335,931,-333
Mon Sep 26 15:19:23 2016,3893,-4136,954,6990,-235,1032,-414
Mon Sep 26 15:19:23 2016,3902,-4814,-38,7190,-87,1017,-412
Mon Sep 26 15:19:23 2016,3912,-4612,260,7028,43,888,-333
Mon Sep 26 15:19:23 2016,3921,-4188,156,6970,102,908,-204
Mon Sep 26 15:19:23 2016,3930,-4184,334,7016,149,934,-90
Mon Sep 26 15:19:23 2016,3939,-4260,584,6882,119,1008,-65
Mon Sep 26 15:19:23 2016,3949,-4284,560,6840,136,1069,-63
Mon Sep 26 15:19:23 2016,3958,-4472,458,6742,163,1075,-71
Mon Sep 26 15:19:23 2016,3967,-4454,526,6548,174,1049,-53
Mon Sep 26 15:19:23 2016,3977,-4198,810,6700,154,984,-154
Mon Sep 26 15:19:23 2016,3986,-4336,772,6530,159,981,-240
Mon Sep 26 15:19:23 2016,3995,-5014,1704,6394,142,919,-274
Mon Sep 26 15:19:23 2016,4023,-4576,798,6356,184,848,-394
Mon Sep 26 15:19:23 2016,4032,-4562,572,6542,174,655,-477
Mon Sep 26 15:19:23 2016,4042,-4472,446,6596,147,600,-471
Mon Sep 26 15:19:23 2016,4051,-4542,58,6466,182,620,-410
Mon Sep 26 15:19:23 2016,4060,-4280,128,7046,181,615,-355
Mon Sep 26 15:19:23 2016,4070,-4260,266,6574,164,779,-264
Mon Sep 26 15:19:23 2016,4079,-4414,564,6458,169,904,-238
Mon Sep 26 15:19:23 2016,4088,-4478,688,6488,181,1207,-198
Mon Sep 26 15:19:23 2016,4097,-4294,472,6720,154,1396,-197
Mon Sep 26 15:19:23 2016,4107,-4186,726,6710,108,1822,-199
Mon Sep 26 15:19:23 2016,4116,-4174,390,7210,203,2114,-169
Mon Sep 26 15:19:23 2016,4125,-4680,618,6848,265,2754,-188
Mon Sep 26 15:19:23 2016,4135,-4596,428,6650,308,3421,-234
Mon Sep 26 15:19:23 2016,4144,-4884,722,6544,251,3932,-199
Mon Sep 26 15:19:23 2016,4169,-5764,864,6328,415,4143,-169
Mon Sep 26 15:19:23 2016,4178,-5766,594,6748,431,4598,-29
Mon Sep 26 15:19:23 2016,4187,-6304,512,6710,230,5200,-61
Mon Sep 26 15:19:23 2016,4196,-5588,-492,7824,-352,6073,17
Mon Sep 26 15:19:23 2016,4205,-4340,228,7822,-615,6686,41
Mon Sep 26 15:19:23 2016,4215,-5392,786,7448,-690,8501,184
Mon Sep 26 15:19:23 2016,4224,-6602,1056,6690,-965,9437,-9
Mon Sep 26 15:19:23 2016,4233,-6650,1464,7012,-1266,11130,-231
Mon Sep 26 15:19:23 2016,4242,-5712,1906,6672,-1163,12360,-372
Mon Sep 26 15:19:23 2016,4251,-7638,3182,6502,-413,13955,-886
Mon Sep 26 15:19:23 2016,4260,-5822,850,3844,-68,13644,-771
Mon Sep 26 15:19:23 2016,4269,-11482,2422,6940,1611,17268,-1171
Mon Sep 26 15:19:23 2016,4279,-13418,3584,7930,2674,17254,-1008
Mon Sep 26 15:19:23 2016,4288,-19116,1934,12958,3753,17019,-2001
Mon Sep 26 15:19:23 2016,4297,-14416,4146,10650,5387,15964,-2290
Mon Sep 26 15:19:23 2016,4325,-18908,8742,17642,7868,13789,-2304
Mon Sep 26 15:19:23 2016,4334,-32768,-1516,9758,7856,11449,-3780
Mon Sep 26 15:19:23 2016,4343,3410,-948,20222,4500,9684,-5824
Mon Sep 26 15:19:23 2016,4352,-9160,10158,25558,2567,6646,-5900
Mon Sep 26 15:19:23 2016,4361,-20780,15154,32767,2860,6589,-4269
Mon Sep 26 15:19:24 2016,4371,-5834,14796,32767,2482,1292,-3059
Mon Sep 26 15:19:24 2016,4380,-4252,9622,20996,-539,-3179,-2314
Mon Sep 26 15:19:24 2016,4389,-916,7214,15628,-1126,-6033,-1634
Mon Sep 26 15:19:24 2016,4398,1234,4730,10402,-1461,-6736,-984
Mon Sep 26 15:19:24 2016,4407,1048,3562,8032,-1030,-6961,-567
Mon Sep 26 15:19:24 2016,4416,-244,2834,7850,-214,-7460,175
Mon Sep 26 15:19:24 2016,4425,-1332,3142,7768,193,-8077,606
Mon Sep 26 15:19:24 2016,4434,-2180,3644,7380,325,-8920,833
Mon Sep 26 15:19:24 2016,4444,-2854,3538,6830,195,-9459,891
Mon Sep 26 15:19:24 2016,4453,-3786,3236,6784,-66,-10071,865
Mon Sep 26 15:19:24 2016,4481,-4892,2894,6562,-103,-10614,907
Mon Sep 26 15:19:24 2016,4490,-7758,3592,7066,-236,-11014,888
Mon Sep 26 15:19:24 2016,4499,-7346,2178,6758,397,-11158,1081
Mon Sep 26 15:19:24 2016,4508,-6848,2038,5030,801,-11833,1314
Mon Sep 26 15:19:24 2016,4517,-6516,2700,6176,1080,-11720,1458
Mon Sep 26 15:19:24 2016,4526,-7338,2798,5166,1533,-11640,1765
Mon Sep 26 15:19:24 2016,4535,-7208,2760,5484,1827,-11401,2055
Mon Sep 26 15:19:24 2016,4544,-8338,2464,5990,2311,-10959,2608
Mon Sep 26 15:19:24 2016,4553,-9444,2540,7284,2516,-10768,3091
Mon Sep 26 15:19:24 2016,4563,-10834,2604,8370,2791,-10719,3815
Mon Sep 26 15:19:24 2016,4572,-11218,2980,9018,2797,-10747,4292
Mon Sep 26 15:19:24 2016,4581,-11042,3782,9574,2390,-10741,4947
Mon Sep 26 15:19:24 2016,4590,-11484,3112,10800,2001,-10490,5310
Mon Sep 26 15:19:24 2016,4599,-12336,1850,11670,1573,-10522,5850
Mon Sep 26 15:19:24 2016,4608,-13066,1478,13052,1463,-10502,6066
Mon Sep 26 15:19:24 2016,4636,-14124,1008,14214,1410,-10654,6220
Mon Sep 26 15:19:24 2016,4645,-15046,618,15186,1500,-10722,6209
Mon Sep 26 15:19:24 2016,4654,-16884,704,16400,1699,-11021,5946
Mon Sep 26 15:19:24 2016,4663,-20008,1836,17662,1617,-11353,5450
Mon Sep 26 15:19:24 2016,4672,-22002,2622,16072,1187,-11961,4336
Mon Sep 26 15:19:24 2016,4681,-22474,1820,11408,1059,-12142,3576
Mon Sep 26 15:19:24 2016,4691,-22500,278,7268,1995,-11692,2710
Mon Sep 26 15:19:24 2016,4700,-23062,-4142,-150,3505,-10891,2540
Mon Sep 26 15:19:24 2016,4709,-24014,-9286,-4818,7161,-9431,3494
Mon Sep 26 15:19:24 2016,4718,-29224,-11260,-13132,9465,-8659,4474
Mon Sep 26 15:19:24 2016,4727,-30068,-7496,-17974,8922,-6885,4683
Mon Sep 26 15:19:24 2016,4736,-26202,-4824,-20612,5818,-4548,3502
Mon Sep 26 15:19:24 2016,4745,-22108,-3296,-19094,-829,-32,554
Mon Sep 26 15:19:24 2016,4754,-18936,-3936,-12442,-4724,2753,-1612
Mon Sep 26 15:19:24 2016,4764,-19816,-4816,-2008,-6956,5148,-3448
Mon Sep 26 15:19:24 2016,4791,-20438,-5626,3958,-6044,5219,-3604
Mon Sep 26 15:19:24 2016,4800,-19374,-5452,5888,-3101,4106,-2579
Mon Sep 26 15:19:24 2016,4809,-13182,-646,7476,-1192,2979,-1523
Mon Sep 26 15:19:24 2016,4818,20188,20096,32767,-3149,4261,-476
Mon Sep 26 15:19:24 2016,4828,16226,8220,-4992,-3508,7385,-2687
Mon Sep 26 15:19:24 2016,4837,13716,-8270,-380,-4358,11183,-3121
Mon Sep 26 15:19:24 2016,4846,-15826,-10564,16630,-908,12238,-1057
Mon Sep 26 15:19:24 2016,4855,-23056,-8238,24248,-611,10848,-224
Mon Sep 26 15:19:24 2016,4864,-6832,1482,13650,-606,9793,-1433
Mon Sep 26 15:19:24 2016,4873,-12694,8666,11448,-1028,9000,-863
Mon Sep 26 15:19:24 2016,4882,-32768,7634,-82,-4360,7911,115
Mon Sep 26 15:19:24 2016,4892,-11564,-10176,11362,-3036,4320,-1600
Mon Sep 26 15:19:24 2016,4901,-8604,-3720,8760,-1853,3651,-1182
Mon Sep 26 15:19:24 2016,4910,-8562,4910,9138,-2266,2286,-1222
Mon Sep 26 15:19:24 2016,4919,-6270,-1106,10626,-2098,1472,-1520
Mon Sep 26 15:19:24 2016,4947,-7704,630,7068,-1728,852,-1160
Mon Sep 26 15:19:24 2016,4956,-6236,746,7624,-1466,549,-977
Mon Sep 26 15:19:24 2016,4965,-4752,1084,8150,-1049,228,-715
Mon Sep 26 15:19:24 2016,4974,-4068,778,7464,-883,173,-622
Mon Sep 26 15:19:24 2016,4984,-3566,430,7394,-645,236,-536
Mon Sep 26 15:19:24 2016,4993,-3902,514,7116,-488,309,-408
Mon Sep 26 15:19:24 2016,5003,-3478,1116,7180,-423,447,-335
Mon Sep 26 15:19:24 2016,5012,-3470,492,7368,-333,569,-277
Mon Sep 26 15:19:24 2016,5021,-4020,-248,7480,-180,772,-18
Mon Sep 26 15:19:24 2016,5030,-3620,2182,8192,-181,953,93
Mon Sep 26 15:19:24 2016,5040,-3858,1094,7122,-253,1130,-36
Mon Sep 26 15:19:24 2016,5049,-4138,1404,7100,-264,1129,-164
Mon Sep 26 15:19:24 2016,5058,-4384,1134,7148,-195,1179,-282
Mon Sep 26 15:19:24 2016,5068,-3860,1166,7124,-128,1220,-326
Mon Sep 26 15:19:24 2016,5096,-4166,792,7106,-5,1369,-378
Mon Sep 26 15:19:24 2016,5105,-4066,16,6832,149,1412,-303
Mon Sep 26 15:19:24 2016,5114,-4276,488,7480,126,1547,-258
Mon Sep 26 15:19:24 2016,5123,-4460,472,6962,200,1568,-210
Mon Sep 26 15:19:24 2016,5133,-4726,326,6652,240,1535,-132
Mon Sep 26 15:19:24 2016,5142,-4540,590,6714,251,1568,-116
Mon Sep 26 15:19:24 2016,5152,-4396,1202,6604,252,1556,-150
Mon Sep 26 15:19:24 2016,5161,-4304,878,6870,295,1546,-246
Mon Sep 26 15:19:24 2016,5170,-4622,1054,6422,275,1444,-404
Mon Sep 26 15:19:24 2016,5180,-4924,912,6472,300,1362,-467
Mon Sep 26 15:19:24 2016,5189,-4848,1204,6318,303,1300,-537
Mon Sep 26 15:19:24 2016,5198,-4660,640,6218,311,1314,-540
Mon Sep 26 15:19:24 2016,5208,-4804,454,6436,275,1298,-532
Mon Sep 26 15:19:24 2016,5217,-4958,228,6460,288,1104,-409
Mon Sep 26 15:19:24 2016,5245,-4800,390,6512,192,1101,-288
Mon Sep 26 15:19:24 2016,5319,-4554,668,6632,189,1266,-281
Mon Sep 26 15:19:24 2016,5328,-4710,810,6400,190,1480,-295
Mon Sep 26 15:19:24 2016,5339,-4616,524,6592,188,1675,-281
Mon Sep 26 15:19:24 2016,5348,-4534,720,6612,209,1961,-244
Mon Sep 26 15:19:24 2016,5358,-4816,564,6532,236,2249,-253
Mon Sep 26 15:19:24 2016,5369,-5482,790,6502,234,2688,-278
Mon Sep 26 15:19:24 2016,5378,-4766,1106,6304,451,3288,-397
Mon Sep 26 15:19:24 2016,5388,-5298,596,6618,548,3565,-236
Mon Sep 26 15:19:24 2016,5399,-5378,558,6656,461,3837,-213
Mon Sep 26 15:19:24 2016,5408,-5818,760,6490,400,4547,-195
Mon Sep 26 15:19:24 2016,5418,-4446,796,6450,24,5031,-170
Mon Sep 26 15:19:24 2016,5429,-11664,-24,6314,-164,6536,368
Mon Sep 26 15:19:24 2016,5438,-6436,330,8148,-386,7325,257
Mon Sep 26 15:19:24 2016,5465,-1606,-124,5386,-526,8612,13
Mon Sep 26 15:19:24 2016,5474,-7976,2600,9096,-690,9475,-460
Mon Sep 26 15:19:24 2016,5483,-7112,2154,8320,-361,10924,-977
Mon Sep 26 15:19:25 2016,5492,-2992,-244,8784,35,11696,-1216
Mon Sep 26 15:19:25 2016,5501,-5840,574,8152,48,13154,-485
Mon Sep 26 15:19:25 2016,5509,-2858,3304,8824,377,16376,67
Mon Sep 26 15:19:25 2016,5518,-13766,4094,9018,1565,17457,-95
Mon Sep 26 15:19:25 2016,5527,-14998,3712,6638,2163,17686,-414
Mon Sep 26 15:19:25 2016,5536,-18672,3990,13684,3336,17669,-1073
Mon Sep 26 15:19:25 2016,5545,-17140,4250,8378,4022,16661,-1952
Mon Sep 26 15:19:25 2016,5553,-13654,5110,18282,5382,14996,-3161
Mon Sep 26 15:19:25 2016,5562,-12140,-310,12768,7940,13245,-2356
Mon Sep 26 15:19:25 2016,5571,-13362,1282,20106,6347,10243,-2648
Mon Sep 26 15:19:25 2016,5580,-23584,4748,20288,4395,7172,-2988
Mon Sep 26 15:19:25 2016,5607,-32768,12346,25866,5192,4718,-3436
Mon Sep 26 15:19:25 2016,5616,-12966,14896,32767,5448,-822,-2525
Mon Sep 26 15:19:25 2016,5625,-5358,11922,24384,1174,-6223,-2611
Mon Sep 26 15:19:25 2016,5634,-1062,8810,15064,-535,-8371,-2351
Mon Sep 26 15:19:25 2016,5643,46,5794,11032,-1916,-8798,-2243
Mon Sep 26 15:19:25 2016,5652,340,3614,8188,-2051,-8870,-1867
Mon Sep 26 15:19:25 2016,5660,-1152,3686,7392,-1424,-9395,-1359
Mon Sep 26 15:19:25 2016,5669,-3092,3616,7496,-976,-9997,-975
Mon Sep 26 15:19:25 2016,5678,-3708,3866,7124,-496,-10823,-391
Mon Sep 26 15:19:25 2016,5687,-4326,4292,6390,-394,-11191,-114
Mon Sep 26 15:19:25 2016,5696,-5072,4708,6440,-575,-11611,69
Mon Sep 26 15:19:25 2016,5705,-6288,3554,5470,-878,-12022,168
Mon Sep 26 15:19:25 2016,5714,-6614,3942,7010,-696,-12648,334
Mon Sep 26 15:19:25 2016,5723,-6902,3362,5174,-545,-12520,381
Mon Sep 26 15:19:25 2016,5750,-6288,2898,4720,246,-12451,730
Mon Sep 26 15:19:25 2016,5759,-6546,2266,4300,1028,-12127,1080
Mon Sep 26 15:19:25 2016,5768,-7156,2174,5068,2236,-11549,1677
Mon Sep 26 15:19:25 2016,5777,-8856,2932,6516,2829,-11310,2064
Mon Sep 26 15:19:25 2016,5786,-9754,3396,7674,3112,-11218,2640
Mon Sep 26 15:19:25 2016,5795,-10862,3908,8240,2998,-11230,3009
Mon Sep 26 15:19:25 2016,5804,-10892,4024,8538,2632,-11181,3679
Mon Sep 26 15:19:25 2016,5813,-10666,4344,9296,2279,-11041,4195
Mon Sep 26 15:19:25 2016,5821,-10826,2960,9540,1946,-10680,4946
Mon Sep 26 15:19:25 2016,5830,-11052,1156,10630,2021,-10464,5445
Mon Sep 26 15:19:25 2016,5839,-12296,192,12134,2411,-10157,6055
Mon Sep 26 15:19:25 2016,5848,-13622,158,13428,2675,-10116,6327
Mon Sep 26 15:19:25 2016,5857,-14996,604,14428,2713,-10304,6278
Mon Sep 26 15:19:25 2016,5866,-16684,1286,15088,2501,-10507,5997
Mon Sep 26 15:19:25 2016,5892,-17860,1372,15620,2026,-10858,5255
Mon Sep 26 15:19:25 2016,5901,-19936,2200,14078,1815,-11222,4729
Mon Sep 26 15:19:25 2016,5910,-21374,680,11340,1861,-11348,3494
Mon Sep 26 15:19:25 2016,5919,-21632,-184,5984,2330,-11341,2747
Mon Sep 26 15:19:25 2016,5928,-21006,-1816,2306,4127,-10387,2118
Mon Sep 26 15:19:25 2016,5937,-20446,-4522,-2874,5800,-9313,2276
Mon Sep 26 15:19:25 2016,5946,-23074,-8086,-5234,8430,-7728,3533
Mon Sep 26 15:19:25 2016,5955,-28812,-6900,-12188,9169,-7073,4375
Mon Sep 26 15:19:25 2016,5964,-27972,-5094,-16232,6873,-5337,4281
Mon Sep 26 15:19:25 2016,5973,-22894,-3518,-18928,3675,-3028,3194
Mon Sep 26 15:19:25 2016,5981,-18850,-2490,-17128,-1927,1335,520
Mon Sep 26 15:19:25 2016,5990,-18918,-2768,-7590,-4640,3579,-1202
Mon Sep 26 15:19:25 2016,5999,-19894,-3042,-616,-5609,4729,-2508
Mon Sep 26 15:19:25 2016,6008,-20080,-3098,4574,-4320,4202,-2355
Mon Sep 26 15:19:25 2016,6035,-12916,-60,5218,-1922,3231,-1267
Mon Sep 26 15:19:25 2016,6044,-9326,2330,5088,-913,3183,-617
Mon Sep 26 15:19:25 2016,6053,20084,9178,21476,-4962,5148,-490
Mon Sep 26 15:19:25 2016,6062,4906,4898,-7330,-5457,8356,-988
Mon Sep 26 15:19:25 2016,6071,11144,-12220,-454,-6761,10212,-3660
Mon Sep 26 15:19:25 2016,6080,-7284,-17934,13552,-2851,11662,-1354
Mon Sep 26 15:19:25 2016,6089,-21530,-13258,20212,-1211,11349,-434
Mon Sep 26 15:19:25 2016,6098,-13694,-3228,15058,-190,10718,-1838
Mon Sep 26 15:19:25 2016,6107,-15102,10126,9912,-342,9179,-1165
Mon Sep 26 15:19:25 2016,6115,-17606,15920,8852,-4214,8271,-1261
Mon Sep 26 15:19:25 2016,6124,-10874,-10278,10936,-2830,4791,-1242
Mon Sep 26 15:19:25 2016,6133,-5168,-9340,5774,-1522,3688,-1419
Mon Sep 26 15:19:25 2016,6142,-6498,8070,8680,-1617,2283,-629
Mon Sep 26 15:19:25 2016,6151,-7878,-1102,7904,-2147,1572,-1118
Mon Sep 26 15:19:25 2016,6179,-5268,-200,9358,-1997,816,-1041
Mon Sep 26 15:19:25 2016,6187,-5006,1574,7998,-1663,569,-942
Mon Sep 26 15:19:25 2016,6196,-4706,722,7678,-1175,366,-743
Mon Sep 26 15:19:25 2016,6205,-4496,1614,7402,-1044,305,-631
Mon Sep 26 15:19:25 2016,6214,-4338,322,7768,-703,233,-504
Mon Sep 26 15:19:25 2016,6223,-3798,652,7406,-486,208,-425
Mon Sep 26 15:19:25 2016,6232,-4190,128,7386,-225,339,-227
Mon Sep 26 15:19:25 2016,6241,-3282,650,7312,-177,423,-131
Mon Sep 26 15:19:25 2016,6250,-2846,254,7260,-146,697,-58
Mon Sep 26 15:19:25 2016,6259,-3058,280,7232,-118,927,-38
Mon Sep 26 15:19:25 2016,6268,-4100,670,6990,-29,1331,37
Mon Sep 26 15:19:25 2016,6277,-4078,1058,7248,-90,1364,14
Mon Sep 26 15:19:25 2016,6286,-4064,928,6950,-42,1544,-108
Mon Sep 26 15:19:25 2016,6295,-4636,1642,7176,-29,1503,-65
Mon Sep 26 15:19:25 2016,6323,-4660,1138,7052,-36,1488,-130
Mon Sep 26 15:19:25 2016,6331,-2628,884,7324,90,1791,-185
Mon Sep 26 15:19:25 2016,6340,-4416,494,7200,171,2180,-171
Mon Sep 26 15:19:25 2016,6349,-4914,302,6766,263,2108,-49
Mon Sep 26 15:19:25 2016,6358,-4304,1428,6370,266,2005,27
Mon Sep 26 15:19:25 2016,6367,-4684,938,6334,297,1906,36
Mon Sep 26 15:19:25 2016,6376,-4638,1306,6520,321,1862,20
Mon Sep 26 15:19:25 2016,6385,-4762,1204,6178,308,1801,-70
Mon Sep 26 15:19:25 2016,6394,-4186,1214,6436,303,1788,-140
Mon Sep 26 15:19:25 2016,6402,-4898,1066,6140,312,1812,-273
Mon Sep 26 15:19:25 2016,6411,-5134,1016,6138,299,1641,-374
Mon Sep 26 15:19:25 2016,6420,-4774,1006,6180,251,1408,-501
Mon Sep 26 15:19:25 2016,6429,-4762,962,6158,149,1325,-662
Mon Sep 26 15:19:25 2016,6438,-5180,878,5880,79,1239,-722
Mon Sep 26 15:19:25 2016,6465,-5058,760,6188,37,1132,-774
Mon Sep 26 15:19:25 2016,6474,-5330,622,6138,-27,963,-720
Mon Sep 26 15:19:25 2016,6483,-5094,612,6316,43,915,-722
Mon Sep 26 15:19:25 2016,6492,-4984,882,6660,38,991,-645
Mon Sep 26 15:19:25 2016,6501,-5100,716,6518,113,1297,-588
Mon Sep 26 15:19:26 2016,6510,-5088,842,6486,243,1522,-550
Mon Sep 26 15:19:26 2016,6519,-5052,228,6206,314,1752,-585
Mon Sep 26 15:19:26 2016,6528,-4984,514,6268,339,2001,-412
Mon Sep 26 15:19:26 2016,6537,-5036,872,6346,334,2249,-334
Mon Sep 26 15:19:26 2016,6546,-5398,992,6488,317,2665,-350
Mon Sep 26 15:19:26 2016,6555,-5906,866,6462,376,2970,-375
Mon Sep 26 15:19:26 2016,6564,-5260,338,6596,189,3470,-306
Mon Sep 26 15:19:26 2016,6573,-4066,-514,8820,477,4425,-209
Mon Sep 26 15:19:26 2016,6582,-2920,-374,6806,-225,5225,-54
Mon Sep 26 15:19:26 2016,6609,-3546,-132,6796,-325,5908,89
Mon Sep 26 15:19:26 2016,6618,-4214,642,6472,-534,7182,-145
Mon Sep 26 15:19:26 2016,6627,-6370,1752,7038,-479,7866,-336
Mon Sep 26 15:19:26 2016,6636,-4086,1232,8310,-361,9116,-554
Mon Sep 26 15:19:26 2016,6645,-5308,1726,11202,-305,9978,-827
Mon Sep 26 15:19:26 2016,6654,-4288,968,5832,32,11546,-552
Mon Sep 26 15:19:26 2016,6663,4016,-1270,18452,331,12295,-488
Mon Sep 26 15:19:26 2016,6672,-5328,130,9874,1383,15937,385
Mon Sep 26 15:19:26 2016,6681,-15744,3980,7874,1894,16315,319
Mon Sep 26 15:19:26 2016,6689,-17122,4256,6810,3159,17234,-1042
Mon Sep 26 15:19:26 2016,6698,-18294,2314,12412,4876,17051,-1338
Mon Sep 26 15:19:26 2016,6707,-17388,5804,9526,5364,15627,-2434
Mon Sep 26 15:19:26 2016,6716,-18112,5222,13030,5814,13660,-3685
Mon Sep 26 15:19:26 2016,6725,-14220,1502,14208,7563,11601,-3468
Mon Sep 26 15:19:26 2016,6760,-11466,1264,16224,6822,9053,-3915
Mon Sep 26 15:19:26 2016,6769,-32768,2794,19244,4447,5838,-3952
Mon Sep 26 15:19:26 2016,6778,-18674,13570,32746,5016,6593,-4073
Mon Sep 26 15:19:26 2016,6787,-14714,12232,27210,3154,-63,-3756
Mon Sep 26 15:19:26 2016,6796,-2696,11918,21592,859,-3419,-3013
Mon Sep 26 15:19:26 2016,6805,142,8464,12458,-1547,-6161,-2539
Mon Sep 26 15:19:26 2016,6814,1478,5588,9034,-2309,-6336,-2419
Mon Sep 26 15:19:26 2016,6822,1264,2998,7920,-2118,-6407,-1903
Mon Sep 26 15:19:26 2016,6831,-2100,3012,7900,-1450,-7050,-1427
Mon Sep 26 15:19:26 2016,6840,-2738,3190,8114,-361,-8522,-526
Mon Sep 26 15:19:26 2016,6849,-2198,3652,7302,117,-9447,-37
Mon Sep 26 15:19:26 2016,6858,-1692,4172,6006,325,-10162,404
Mon Sep 26 15:19:26 2016,6867,-2444,4398,5990,89,-10360,540
Mon Sep 26 15:19:26 2016,6875,-4792,3784,4846,-365,-10915,782
Mon Sep 26 15:19:26 2016,6884,-4844,3254,6668,-486,-11132,749
Mon Sep 26 15:19:26 2016,6914,-5376,2768,6076,-497,-11606,999
Mon Sep 26 15:19:26 2016,6923,-5274,2558,6436,68,-11817,1384
Mon Sep 26 15:19:26 2016,6932,-6202,2148,6252,643,-11824,1727
Mon Sep 26 15:19:26 2016,6940,-7022,2122,6430,1553,-11825,2218
Mon Sep 26 15:19:26 2016,6949,-7720,2290,6738,2048,-11736,2557
Mon Sep 26 15:19:26 2016,6958,-8532,2722,7128,2311,-11606,2833
Mon Sep 26 15:19:26 2016,6967,-9896,3194,8676,2304,-11477,3237
Mon Sep 26 15:19:26 2016,6976,-10232,2680,8764,2158,-11402,3561
Mon Sep 26 15:19:26 2016,6985,-10388,1976,7836,2069,-11105,4058
Mon Sep 26 15:19:26 2016,6993,-9758,2446,8958,2014,-10743,4477
Mon Sep 26 15:19:26 2016,7002,-11414,2476,10340,1898,-10120,5093
Mon Sep 26 15:19:26 2016,7011,-12688,2868,12212,1750,-9844,5406
Mon Sep 26 15:19:26 2016,7020,-15210,2820,15262,1266,-9854,5709
Mon Sep 26 15:19:26 2016,7029,-16540,2392,16554,1000,-10064,5782
Mon Sep 26 15:19:26 2016,7038,-17704,1346,16274,865,-10502,5680
Mon Sep 26 15:19:26 2016,7067,-19240,578,14970,1134,-10654,5527
Mon Sep 26 15:19:26 2016,7076,-22420,1026,12416,1759,-10873,5069
Mon Sep 26 15:19:26 2016,7085,-23952,2058,10852,1882,-10985,4404
Mon Sep 26 15:19:26 2016,7094,-23570,930,6334,1928,-11077,3083
Mon Sep 26 15:19:26 2016,7103,-22460,-1074,2138,2449,-10847,2519
Mon Sep 26 15:19:26 2016,7112,-20298,-5622,-4216,4378,-9633,2641
Mon Sep 26 15:19:26 2016,7121,-23676,-11410,-8568,6479,-8487,3597
Mon Sep 26 15:19:26 2016,7130,-29140,-8738,-15660,9345,-7371,5082
Mon Sep 26 15:19:26 2016,7139,-28854,-7188,-18234,9165,-6511,5051
Mon Sep 26 15:19:26 2016,7148,-22444,-4520,-19568,6043,-3866,3664
Mon Sep 26 15:19:26 2016,7157,-17150,-2566,-17222,469,386,581
Mon Sep 26 15:19:26 2016,7166,-14220,-1272,-10822,-3386,3039,-1679
Mon Sep 26 15:19:26 2016,7175,-16590,-1302,-3478,-5817,4885,-3347
Mon Sep 26 15:19:26 2016,7184,-20488,-4332,6558,-5375,4888,-3766
Mon Sep 26 15:19:26 2016,7213,14602,-5486,13046,-4687,5875,-3195
Mon Sep 26 15:19:26 2016,7222,-6574,8694,-466,-5780,7912,-3133
Mon Sep 26 15:19:26 2016,7231,10430,-7614,7588,-5726,7854,-4438
Mon Sep 26 15:19:26 2016,7240,-1418,-18676,3730,-1456,12114,-1175
Mon Sep 26 15:19:26 2016,7249,-24502,-7904,21012,-246,12493,-992
Mon Sep 26 15:19:26 2016,7257,-20694,3702,13902,-604,10837,-1810
Mon Sep 26 15:19:26 2016,7266,-21392,21898,20410,-3172,9139,-1113
Mon Sep 26 15:19:26 2016,7275,-4698,-4156,11208,-4526,5786,-1765
Mon Sep 26 15:19:26 2016,7284,-18410,-18282,15788,-1283,4050,-1742
Mon Sep 26 15:19:26 2016,7293,-698,6292,6130,-1217,2660,-420
Mon Sep 26 15:19:26 2016,7302,-7550,10036,7120,-2919,1898,-1270
Mon Sep 26 15:19:26 2016,7311,-6224,-3098,7842,-2393,951,-1804
Mon Sep 26 15:19:26 2016,7319,-4494,1854,8988,-2247,243,-1391
Mon Sep 26 15:19:26 2016,7328,-4734,820,7830,-1660,419,-955
Mon Sep 26 15:19:26 2016,7358,-5172,290,9538,-1322,94,-1006
Mon Sep 26 15:19:26 2016,7367,-5158,1702,8142,-830,-178,-650
Mon Sep 26 15:19:26 2016,7376,-4512,1166,6800,-699,-248,-564
Mon Sep 26 15:19:26 2016,7385,-4320,818,7178,-756,-230,-551
Mon Sep 26 15:19:26 2016,7394,-3600,226,7326,-696,-232,-536
Mon Sep 26 15:19:26 2016,7403,-3630,554,7102,-644,-47,-409
Mon Sep 26 15:19:26 2016,7412,-3432,810,7216,-546,86,-339
Mon Sep 26 15:19:26 2016,7421,-5360,-16,7528,-440,307,-310
Mon Sep 26 15:19:26 2016,7430,-4900,402,7056,-306,297,-132
Mon Sep 26 15:19:26 2016,7439,-3756,504,6992,-123,495,-81
Mon Sep 26 15:19:26 2016,7447,-3838,524,7262,-92,461,-16
Mon Sep 26 15:19:26 2016,7456,-4018,1220,7150,-60,508,-54
Mon Sep 26 15:19:26 2016,7465,-3990,1112,7010,-38,497,-63
Mon Sep 26 15:19:26 2016,7474,-4038,1052,6966,24,412,-110
Mon Sep 26 15:19:26 2016,7504,-3844,870,6960,47,373,-115
Mon Sep 26 15:19:26 2016,7513,-3778,722,7034,98,397,-142
Mon Sep 26 15:19:26 2016,7522,-3842,536,7096,135,482,-109
Mon Sep 26 15:19:26 2016,7531,-4044,514,6934,161,564,-56
Mon Sep 26 15:19:26 2016,7540,-4116,610,6872,150,529,-30
Mon Sep 26 15:19:27 2016,7549,-4058,868,6884,150,456,-26
Mon Sep 26 15:19:27 2016,7558,-4012,858,6868,143,384,-48
Mon Sep 26 15:19:27 2016,7567,-4066,822,6760,152,368,-69
Mon Sep 26 15:19:27 2016,7576,-4166,1010,6800,112,307,-113
Mon Sep 26 15:19:27 2016,7585,-4006,996,6704,98,191,-134
Mon Sep 26 15:19:27 2016,7593,-3996,992,6930,69,123,-177
Mon Sep 26 15:19:27 2016,7602,-4018,846,6844,66,80,-202
Mon Sep 26 15:19:27 2016,7611,-4070,780,6980,78,56,-231
Mon Sep 26 15:19:27 2016,7620,-4042,530,7202,92,149,-213
Mon Sep 26 15:19:27 2016,7650,-4044,730,7160,47,206,-191
Mon Sep 26 15:19:27 2016,7658,-3922,842,7012,48,285,-183
Mon Sep 26 15:19:27 2016,7667,-3914,712,7012,64,372,-188
Mon Sep 26 15:19:27 2016,7676,-3756,724,7010,90,596,-208
Mon Sep 26 15:19:27 2016,7685,-3758,974,7100,145,816,-232
Mon Sep 26 15:19:27 2016,7694,-4224,612,7008,165,969,-248
Mon Sep 26 15:19:27 2016,7703,-4006,810,7170,213,1014,-245
Mon Sep 26 15:19:27 2016,7712,-4040,820,7028,253,1252,-268
Mon Sep 26 15:19:27 2016,7720,-4092,634,7090,326,1405,-309
Mon Sep 26 15:19:27 2016,7729,-3872,514,7052,323,1713,-268
Mon Sep 26 15:19:27 2016,7738,-4198,636,6820,323,1924,-337
Mon Sep 26 15:19:27 2016,7747,-3950,386,7238,278,2191,-266
Mon Sep 26 15:19:27 2016,7756,-4090,360,7382,213,2474,-148
Mon Sep 26 15:19:27 2016,7765,-4104,642,7000,135,2926,-55
Mon Sep 26 15:19:27 2016,7792,-4362,852,7134,134,3278,-1
Mon Sep 26 15:19:27 2016,7801,-4772,1082,7204,38,3961,-76
Mon Sep 26 15:19:27 2016,7810,-4548,894,7090,12,4551,-160
Mon Sep 26 15:19:27 2016,7819,-5828,1488,7124,288,5282,-132
Mon Sep 26 15:19:27 2016,7828,-4458,112,8014,306,5948,-384
Mon Sep 26 15:19:27 2016,7836,-5340,-48,7456,-593,7501,-307
Mon Sep 26 15:19:27 2016,7845,-4318,424,8688,-585,8509,-474
Mon Sep 26 15:19:27 2016,7854,-6604,880,8382,-1159,9838,-535
Mon Sep 26 15:19:27 2016,7863,-5040,1622,7086,-1080,10371,-694
Mon Sep 26 15:19:27 2016,7872,-3182,932,8768,-1137,12711,-959
Mon Sep 26 15:19:27 2016,7881,-7730,1316,6818,-825,14126,-935
Mon Sep 26 15:19:27 2016,7889,-7970,2760,8536,514,15871,-1163
Mon Sep 26 15:19:27 2016,7898,-7206,4590,8606,1472,16536,-1494
Mon Sep 26 15:19:27 2016,7907,-15294,5268,9670,1922,16410,-2964
Mon Sep 26 15:19:27 2016,7936,-15380,1892,10140,2058,15839,-3487
Mon Sep 26 15:19:27 2016,7945,-14744,3008,10416,4141,14121,-4245
Mon Sep 26 15:19:27 2016,7954,-13480,3388,11726,5681,12616,-5182
Mon Sep 26 15:19:27 2016,7963,-9598,2000,15370,6334,10759,-5244
Mon Sep 26 15:19:27 2016,7971,5772,3856,15456,4878,9230,-5462
Mon Sep 26 15:19:27 2016,7980,-1444,4658,21538,6571,3362,-5613
Mon Sep 26 15:19:27 2016,7989,-18962,11846,23692,3242,4059,-3961
Mon Sep 26 15:19:27 2016,7998,-8274,10046,29044,1935,-1351,-2887
Mon Sep 26 15:19:27 2016,8007,-3538,10002,17294,330,-3015,-2574
Mon Sep 26 15:19:27 2016,8015,1820,8380,15014,-1331,-5344,-1812
Mon Sep 26 15:19:27 2016,8024,1772,5014,9426,-1646,-5748,-1326
Mon Sep 26 15:19:27 2016,8033,1394,3344,7748,-957,-6051,-487
Mon Sep 26 15:19:27 2016,8042,-938,2410,7638,-192,-6658,95
Mon Sep 26 15:19:27 2016,8051,-2552,3258,8072,618,-7883,973
Mon Sep 26 15:19:27 2016,8080,-2658,3600,8244,789,-8601,1302
Mon Sep 26 15:19:27 2016,8089,-2778,3584,7500,581,-9466,1626
Mon Sep 26 15:19:27 2016,8098,-3312,3192,7140,293,-9849,1731
Mon Sep 26 15:19:27 2016,8107,-4454,2670,7468,92,-10358,1719
Mon Sep 26 15:19:27 2016,8116,-2888,1912,9516,262,-10892,1710
Mon Sep 26 15:19:27 2016,8125,-7924,928,6498,1003,-11583,1888
Mon Sep 26 15:19:27 2016,8133,-6434,-82,6068,1618,-11887,1956
Mon Sep 26 15:19:27 2016,8142,-5986,92,6234,2623,-11728,2024
Mon Sep 26 15:19:27 2016,8151,-5986,178,5838,3130,-11385,2093
Mon Sep 26 15:19:27 2016,8160,-7032,586,6356,3658,-10833,2309
Mon Sep 26 15:19:27 2016,8169,-8290,714,7250,3761,-10447,2553
Mon Sep 26 15:19:27 2016,8178,-9230,782,7882,3730,-10069,3060
Mon Sep 26 15:19:27 2016,8187,-9288,500,8170,3619,-9809,3449
Mon Sep 26 15:19:27 2016,8196,-9146,208,8490,3440,-9223,3947
Mon Sep 26 15:19:27 2016,8226,-9688,96,9280,3239,-8758,4067
Mon Sep 26 15:19:27 2016,8235,-11080,344,10642,2821,-8265,3809
Mon Sep 26 15:19:27 2016,8244,-13698,1064,12200,2471,-8281,3466
Mon Sep 26 15:19:27 2016,8253,-15234,82,12684,2424,-8540,3023
Mon Sep 26 15:19:27 2016,8262,-15652,640,11958,2366,-8936,2914
Mon Sep 26 15:19:27 2016,8271,-15574,1828,10796,2241,-9288,2957
Mon Sep 26 15:19:27 2016,8280,-14956,3144,8232,1957,-9249,3135
Mon Sep 26 15:19:27 2016,8289,-14718,3722,7232,1576,-8739,3516
Mon Sep 26 15:19:27 2016,8298,-15928,3838,6716,1320,-8318,3812
Mon Sep 26 15:19:27 2016,8307,-16792,3092,6552,1319,-7899,4300
Mon Sep 26 15:19:27 2016,8316,-16752,1410,4636,1573,-7710,4667
Mon Sep 26 15:19:27 2016,8324,-15622,314,1546,1911,-7120,5194
Mon Sep 26 15:19:27 2016,8333,-14976,-354,-826,1962,-6368,5491
Mon Sep 26 15:19:27 2016,8342,-15438,-1642,-2480,1922,-4927,5844
Mon Sep 26 15:19:27 2016,8372,-19514,-5080,-4476,2224,-4289,6105
Mon Sep 26 15:19:27 2016,8381,-19914,-5652,-6694,2325,-3482,6000
Mon Sep 26 15:19:27 2016,8390,-18146,-5844,-8358,1984,-2629,5513
Mon Sep 26 15:19:27 2016,8399,-16240,-5086,-8488,801,-729,4292
Mon Sep 26 15:19:27 2016,8408,-13742,-3468,-6552,-361,643,3301
Mon Sep 26 15:19:27 2016,8417,-12572,-2638,-3950,-2057,2280,1914
Mon Sep 26 15:19:27 2016,8426,-11850,-2290,288,-2591,2993,1304
Mon Sep 26 15:19:27 2016,8435,-17144,7346,-1862,-2010,8183,-1435
Mon Sep 26 15:19:27 2016,8443,-6934,5306,-4384,-2145,7793,-1639
Mon Sep 26 15:19:27 2016,8452,2874,4468,16404,-2815,7805,-4390
Mon Sep 26 15:19:27 2016,8461,6426,-1520,5512,-3328,8889,-3671
Mon Sep 26 15:19:27 2016,8470,-7752,-4552,8094,-715,11606,-1600
Mon Sep 26 15:19:27 2016,8479,-9852,-5358,14652,-24,12394,-1018
Mon Sep 26 15:19:27 2016,8488,-9686,-2766,10568,1292,12567,-1166
Mon Sep 26 15:19:27 2016,8517,-25492,21122,26382,-2035,11713,-2442
Mon Sep 26 15:19:27 2016,8526,-28730,12192,5182,-6503,8842,-4046
Mon Sep 26 15:19:27 2016,8535,-13404,-19646,24344,-3730,5688,-4503
Mon Sep 26 15:19:27 2016,8544,-11874,-13016,5394,-5085,2882,-2821
Mon Sep 26 15:19:27 2016,8553,-5596,5742,2918,-3764,1524,-2587
Mon Sep 26 15:19:27 2016,8562,-7034,-8944,16414,-2699,463,-2182
Mon Sep 26 15:19:27 2016,8571,-6828,2178,7292,-1654,-362,-1245
Mon Sep 26 15:19:28 2016,8580,-5394,618,6896,-1048,157,-704
Mon Sep 26 15:19:28 2016,8588,-5568,432,7084,-665,-33,-684
Mon Sep 26 15:19:28 2016,8597,-4826,946,7258,-417,-73,-608
Mon Sep 26 15:19:28 2016,8606,-4368,518,7036,-301,-92,-488
Mon Sep 26 15:19:28 2016,8615,-4332,268,7144,-262,97,-428
Mon Sep 26 15:19:28 2016,8624,-4298,742,6656,-255,54,-429
Mon Sep 26 15:19:28 2016,8633,-4518,396,6880,-171,120,-374
Mon Sep 26 15:19:28 2016,8663,-4586,-46,7030,-133,214,-269
Mon Sep 26 15:19:28 2016,8672,-6194,72,7278,-237,192,-286
Mon Sep 26 15:19:28 2016,8681,-5058,1136,6762,-122,397,-107
Mon Sep 26 15:19:28 2016,8690,-5144,710,6566,4,237,-171
Mon Sep 26 15:19:28 2016,8699,-4620,532,6614,-6,251,-113
Mon Sep 26 15:19:28 2016,8708,-4428,626,6694,16,159,-100
Mon Sep 26 15:19:28 2016,8717,-4458,520,6648,-1,113,-101
Mon Sep 26 15:19:28 2016,8726,-4464,532,6644,-3,42,-98
Mon Sep 26 15:19:28 2016,8735,-4422,428,6736,-25,2,-105
Mon Sep 26 15:19:28 2016,8744,-4394,498,6744,-31,-33,-97
Mon Sep 26 15:19:28 2016,8753,-4438,500,6696,-29,-44,-83
Mon Sep 26 15:19:28 2016,8762,-4422,498,6730,-27,-102,-74
Mon Sep 26 15:19:28 2016,8771,-4266,532,6756,-28,-121,-86
Mon Sep 26 15:19:28 2016,8780,-4234,578,6814,8,-103,-105
Mon Sep 26 15:19:28 2016,8810,-4240,538,6816,38,-71,-120
Mon Sep 26 15:19:28 2016,8819,-4444,500,6280,100,-82,-107
Mon Sep 26 15:19:28 2016,8828,-4352,458,6708,70,-70,-114
Mon Sep 26 15:19:28 2016,8836,-4356,436,6742,50,-56,-89
Mon Sep 26 15:19:28 2016,8845,-4324,408,6842,66,-60,-72
Mon Sep 26 15:19:28 2016,8854,-4274,440,6888,45,-39,-64
Mon Sep 26 15:19:28 2016,8863,-4290,560,6856,42,-47,-70
Mon Sep 26 15:19:28 2016,8872,-4350,502,6872,46,-54,-85
Mon Sep 26 15:19:28 2016,8881,-4358,352,6844,24,-56,-69
Mon Sep 26 15:19:28 2016,8890,-4392,392,6818,17,-50,-44
Mon Sep 26 15:19:28 2016,8899,-4354,364,6906,4,-38,-28
Mon Sep 26 15:19:28 2016,8907,-4308,458,6844,-6,-18,-15
Mon Sep 26 15:19:28 2016,8916,-4318,506,6916,-1,0,9
Mon Sep 26 15:19:28 2016,8925,-4346,496,6814,-1,27,6
Mon Sep 26 15:19:28 2016,8955,-4200,530,6758,9,29,-1
Mon Sep 26 15:19:28 2016,8964,-4208,570,6844,57,79,-2
Mon Sep 26 15:19:28 2016,8973,-4302,598,6852,51,96,-15
Mon Sep 26 15:19:28 2016,8982,-4340,560,6780,66,106,-28
Mon Sep 26 15:19:28 2016,8991,-4418,470,6738,61,83,-23
Mon Sep 26 15:19:28 2016,9000,-4462,248,6648,37,-11,17
Mon Sep 26 15:19:28 2016,9009,-4342,282,6840,-10,-32,61
Mon Sep 26 15:19:28 2016,9018,-4362,704,6828,-15,-24,75
Mon Sep 26 15:19:28 2016,9027,-4442,514,6834,4,-21,49
Mon Sep 26 15:19:28 2016,9036,-4476,428,6878,-7,-56,76
Mon Sep 26 15:19:28 2016,9045,-4442,496,6716,-6,-102,81
Mon Sep 26 15:19:28 2016,9053,-4348,382,6812,-12,-138,89
Mon Sep 26 15:19:28 2016,9062,-4210,684,6722,-36,-159,58
Mon Sep 26 15:19:28 2016,9071,-3812,-14,8430,-75,-80,-2
Mon Sep 26 15:19:28 2016,9101,-4186,536,6794,-4,-78,-34
Mon Sep 26 15:19:28 2016,9109,-4172,516,6750,1,-73,-44
Mon Sep 26 15:19:28 2016,9118,-4052,678,6822,26,6,-54
Mon Sep 26 15:19:28 2016,9127,-4208,388,6866,52,82,-63
Mon Sep 26 15:19:28 2016,9136,-4138,460,6904,48,118,-48
Mon Sep 26 15:19:28 2016,9145,-4314,474,6808,53,144,-37
Mon Sep 26 15:19:28 2016,9154,-4354,414,6792,55,138,-34
Mon Sep 26 15:19:28 2016,9163,-4416,428,6760,54,99,-8
Mon Sep 26 15:19:28 2016,9171,-4332,542,6768,28,62,-17
Mon Sep 26 15:19:28 2016,9180,-4380,638,6794,39,13,-33
Mon Sep 26 15:19:28 2016,9189,-4350,506,6790,17,-13,-47
Mon Sep 26 15:19:28 2016,9198,-4378,528,6786,14,-54,-57
Mon Sep 26 15:19:28 2016,9207,-4222,458,6702,29,-65,-48
Mon Sep 26 15:19:28 2016,9215,-4156,504,6734,52,-38,-45
Mon Sep 26 15:19:28 2016,9242,-4184,472,6914,59,34,-52
Mon Sep 26 15:19:28 2016,9251,-4258,396,6782,49,89,-41
Mon Sep 26 15:19:28 2016,9260,-4252,518,6972,41,88,-49
Mon Sep 26 15:19:28 2016,9269,-4220,452,7054,50,99,-51
Mon Sep 26 15:19:28 2016,9277,-4324,506,6806,23,91,-44
Mon Sep 26 15:19:28 2016,9286,-4312,520,6740,9,68,-53
Mon Sep 26 15:19:28 2016,9295,-4326,588,6856,35,57,-64
Mon Sep 26 15:19:28 2016,9304,-4274,536,6788,32,55,-76
Mon Sep 26 15:19:28 2016,9313,-4332,502,6798,31,38,-79
Mon Sep 26 15:19:28 2016,9321,-4300,518,6824,29,33,-88
Mon Sep 26 15:19:28 2016,9330,-4204,546,6822,43,26,-83
Mon Sep 26 15:19:28 2016,9339,-4184,482,6716,39,48,-98
Mon Sep 26 15:19:28 2016,9348,-4240,486,6986,59,71,-94
Mon Sep 26 15:19:28 2016,9357,-4302,468,6924,55,136,-89
Mon Sep 26 15:19:28 2016,9381,-4348,382,6794,56,139,-88
Mon Sep 26 15:19:28 2016,9390,-4348,422,6762,49,151,-72
Mon Sep 26 15:19:28 2016,9399,-4374,448,6762,40,111,-61
Mon Sep 26 15:19:28 2016,9408,-4366,492,6826,35,86,-41
Mon Sep 26 15:19:28 2016,9417,-4410,500,6792,43,82,-54
Mon Sep 26 15:19:28 2016,9425,-4412,494,6756,38,69,-51
Mon Sep 26 15:19:28 2016,9434,-4404,460,6686,27,33,-58
Mon Sep 26 15:19:28 2016,9443,-4366,476,6810,26,14,-49
Mon Sep 26 15:19:28 2016,9452,-4362,506,6800,38,-6,-36
Mon Sep 26 15:19:28 2016,9461,-4364,506,6796,39,-23,-45
Mon Sep 26 15:19:28 2016,9470,-4280,578,6732,28,-7,-56
Mon Sep 26 15:19:28 2016,9479,-4336,506,6850,27,-3,-62
Mon Sep 26 15:19:28 2016,9487,-4350,432,6816,42,4,-61
Mon Sep 26 15:19:28 2016,9496,-4396,474,6774,36,-8,-57
Mon Sep 26 15:19:28 2016,9526,-4364,484,6726,22,-40,-53
Mon Sep 26 15:19:28 2016,9535,-4370,488,6772,24,-86,-49
Mon Sep 26 15:19:28 2016,9544,-4416,504,6692,20,-135,-52
Mon Sep 26 15:19:28 2016,9553,-4408,556,6748,25,-178,-47
Mon Sep 26 15:19:28 2016,9562,-4350,524,6768,50,-247,-53
Mon Sep 26 15:19:28 2016,9571,-4322,492,6752,46,-258,-59
Mon Sep 26 15:19:28 2016,9579,-4300,474,6748,72,-294,-32
Mon Sep 26 15:19:28 2016,9588,-4318,388,6814,70,-294,-25
Mon Sep 26 15:19:28 2016,9597,-4234,566,6902,81,-274,3
Mon Sep 26 15:19:29 2016,9606,-4136,472,6934,90,-247,-1
Mon Sep 26 15:19:29 2016,9615,-4218,528,6712,68,-183,-22
Mon Sep 26 15:19:29 2016,9624,-4264,468,6960,100,-181,-5
Mon Sep 26 15:19:29 2016,9633,-4272,444,6788,54,-129,-7
Mon Sep 26 15:19:29 2016,9642,-4274,476,6866,61,-118,10
Mon Sep 26 15:19:29 2016,9672,-4230,528,6886,79,-125,26
Mon Sep 26 15:19:29 2016,9681,-4238,494,6864,73,-127,28
Mon Sep 26 15:19:29 2016,9690,-4100,580,6888,73,-122,19
Mon Sep 26 15:19:29 2016,9698,-4170,576,6898,82,-115,4
Mon Sep 26 15:19:29 2016,9707,-4200,556,6916,85,-110,14
Mon Sep 26 15:19:29 2016,9716,-4220,544,6844,99,-108,19
Mon Sep 26 15:19:29 2016,9725,-4176,530,6898,100,-107,29
Mon Sep 26 15:19:29 2016,9734,-4156,574,6920,79,-118,20
Mon Sep 26 15:19:29 2016,9743,-4094,590,6890,77,-80,1
Mon Sep 26 15:19:29 2016,9752,-4156,520,6932,80,-65,-4
Mon Sep 26 15:19:29 2016,9761,-4208,530,6880,84,-66,0
Mon Sep 26 15:19:29 2016,9770,-4158,538,6924,79,-68,9
Mon Sep 26 15:19:29 2016,9778,-4120,600,6942,91,-51,9
Mon Sep 26 15:19:29 2016,9787,-4104,586,6892,86,-38,-1
Mon Sep 26 15:19:29 2016,9817,-4156,520,6876,77,-35,-12
Mon Sep 26 15:19:29 2016,9826,-4146,542,6934,60,-31,-22
Mon Sep 26 15:19:29 2016,9835,-4148,558,6904,61,-36,-19
Mon Sep 26 15:19:29 2016,9844,-4110,538,6886,57,-33,-32
Mon Sep 26 15:19:29 2016,9853,-4146,552,6914,53,-35,-33
Mon Sep 26 15:19:29 2016,9861,-4146,574,6852,62,-31,-17
Mon Sep 26 15:19:29 2016,9870,-4152,582,6920,55,-22,-25
Mon Sep 26 15:19:29 2016,9879,-4118,616,6940,65,-29,-20
Mon Sep 26 15:19:29 2016,9888,-4142,588,6896,68,-17,-43
Mon Sep 26 15:19:29 2016,9897,-4106,528,6820,60,-24,-29
Mon Sep 26 15:19:29 2016,9906,-4154,586,6890,66,-14,-36
Mon Sep 26 15:19:29 2016,9915,-4160,606,6934,73,-15,-35
Mon Sep 26 15:19:29 2016,9924,-4172,580,6898,74,-10,-31
Mon Sep 26 15:19:29 2016,9933,-4154,626,6844,69,0,-43
Mon Sep 26 15:19:29 2016,9963,-4162,612,6888,58,-12,-47
Mon Sep 26 15:19:29 2016,9972,-4150,584,6856,63,-14,-50
Mon Sep 26 15:19:29 2016,9981,-4192,520,6916,50,-31,-56
Mon Sep 26 15:19:29 2016,9990,-4174,576,6916,56,-42,-46
Mon Sep 26 15:19:29 2016,9999,-4144,594,6952,51,-58,-48
Mon Sep 26 15:19:29 2016,10008,-4148,596,6916,52,-56,-48
Mon Sep 26 15:19:29 2016,10017,-4100,612,6910,55,-51,-51
Mon Sep 26 15:19:29 2016,10026,-4084,540,6980,48,-14,-52
Mon Sep 26 15:19:29 2016,10035,-4130,572,7010,45,3,-38
Mon Sep 26 15:19:29 2016,10044,-4116,552,6894,45,25,-41
Mon Sep 26 15:19:29 2016,10053,-4102,588,6904,56,27,-33
Mon Sep 26 15:19:29 2016,10062,-4116,614,6902,45,46,-45
Mon Sep 26 15:19:29 2016,10071,-4136,608,6912,51,47,-43
Mon Sep 26 15:19:29 2016,10080,-4140,618,6952,52,52,-43
Mon Sep 26 15:19:29 2016,10110,-4136,584,6844,45,67,-44
Mon Sep 26 15:19:29 2016,10119,-4134,592,6884,58,59,-50
Mon Sep 26 15:19:29 2016,10128,-4114,614,6888,57,64,-40
Mon Sep 26 15:19:29 2016,10138,-4120,674,6878,58,72,-44
Mon Sep 26 15:19:29 2016,10147,-4126,594,6926,59,87,-52
Mon Sep 26 15:19:29 2016,10156,-4108,608,6928,53,84,-67
Mon Sep 26 15:19:29 2016,10164,-4120,574,7020,41,110,-66
Mon Sep 26 15:19:29 2016,10173,-4188,624,6870,47,125,-59
Mon Sep 26 15:19:29 2016,10182,-4196,564,6912,34,115,-59
Mon Sep 26 15:19:29 2016,10191,-4198,610,6894,38,113,-58
Mon Sep 26 15:19:29 2016,10200,-4122,658,6876,35,93,-57
Mon Sep 26 15:19:29 2016,10209,-4122,624,6900,31,103,-65
Mon Sep 26 15:19:29 2016,10218,-4144,594,6930,27,101,-78
Mon Sep 26 15:19:29 2016,10227,-4176,588,6944,30,118,-82
Mon Sep 26 15:19:29 2016,10257,-4212,554,6894,25,104,-70
Mon Sep 26 15:19:29 2016,10266,-4216,574,6862,31,105,-70
Mon Sep 26 15:19:29 2016,10276,-4134,572,6840,35,83,-60
Mon Sep 26 15:19:29 2016,10285,-4168,618,6872,27,90,-75
Mon Sep 26 15:19:29 2016,10294,-4160,628,6950,10,109,-83
Mon Sep 26 15:19:29 2016,10304,-4210,614,6886,14,112,-92
Mon Sep 26 15:19:29 2016,10313,-4238,550,6880,14,123,-79
Mon Sep 26 15:19:29 2016,10323,-4246,508,6836,23,105,-73
Mon Sep 26 15:19:29 2016,10332,-4200,588,6900,15,102,-59
Mon Sep 26 15:19:29 2016,10342,-4206,676,6836,23,88,-73
Mon Sep 26 15:19:29 2016,10351,-4274,580,6828,-6,82,-86
Mon Sep 26 15:19:29 2016,10360,-4268,550,6920,-4,78,-83
Mon Sep 26 15:19:29 2016,10369,-4252,582,6822,18,71,-70
Mon Sep 26 15:19:29 2016,10379,-4286,584,6852,12,48,-71
Mon Sep 26 15:19:29 2016,10409,-4250,562,6848,23,36,-63
Mon Sep 26 15:19:29 2016,10418,-4204,618,6836,26,25,-62
Mon Sep 26 15:19:29 2016,10427,-4208,586,6902,21,50,-75
Mon Sep 26 15:19:29 2016,10436,-4226,580,6874,22,64,-78
Mon Sep 26 15:19:29 2016,10446,-4294,516,6830,31,79,-74
Mon Sep 26 15:19:29 2016,10455,-4286,512,6786,38,77,-72
Mon Sep 26 15:19:29 2016,10464,-4282,582,6878,28,71,-53
Mon Sep 26 15:19:29 2016,10473,-4262,554,6838,32,53,-49
Mon Sep 26 15:19:29 2016,10483,-4260,598,6792,27,54,-58
Mon Sep 26 15:19:29 2016,10492,-4286,582,6812,29,47,-64
Mon Sep 26 15:19:29 2016,10501,-4256,564,6834,17,31,-59
Mon Sep 26 15:19:29 2016,10510,-4272,576,6788,17,28,-63
Mon Sep 26 15:19:29 2016,10520,-4252,544,6812,7,-1,-53
