Mon Sep 26 15:14:38 2016,1575,-3804,526,7102,66,2,-31
Mon Sep 26 15:14:38 2016,1584,-3802,522,7068,58,0,-22
Mon Sep 26 15:14:38 2016,1594,-3816,506,7116,58,-8,-21
Mon Sep 26 15:14:38 2016,1604,-3802,514,7092,50,-10,-37
Mon Sep 26 15:14:38 2016,1614,-3786,536,7126,54,-11,-36
Mon Sep 26 15:14:38 2016,1624,-3800,548,7036,48,1,-41
Mon Sep 26 15:14:38 2016,1633,-3794,522,7158,46,-3,-33
Mon Sep 26 15:14:38 2016,1643,-3806,506,7148,54,-7,-36
Mon Sep 26 15:14:38 2016,1653,-3828,492,7104,53,-9,-39
Mon Sep 26 15:14:38 2016,1663,-3820,526,7082,48,-21,-30
Mon Sep 26 15:14:38 2016,1673,-3776,522,7150,46,-6,-41
Mon Sep 26 15:14:38 2016,1683,-3854,512,7140,50,-1,-12
Mon Sep 26 15:14:38 2016,1692,-3804,510,7136,62,1,-7
Mon Sep 26 15:14:38 2016,1702,-3746,524,7132,73,22,-15
Mon Sep 26 15:14:38 2016,1712,-3834,514,7122,72,16,-16
Mon Sep 26 15:14:38 2016,1722,-3820,498,7182,75,14,-15
Mon Sep 26 15:14:38 2016,1770,-3822,534,7112,77,20,-15
Mon Sep 26 15:14:38 2016,1780,-3836,506,7114,81,17,-12
Mon Sep 26 15:14:38 2016,1789,-3852,502,7162,93,19,-11
Mon Sep 26 15:14:38 2016,1799,-3844,564,7184,100,9,-15
Mon Sep 26 15:14:38 2016,1809,-3818,536,7182,95,13,-13
Mon Sep 26 15:14:38 2016,1819,-3820,578,7132,90,13,-11
Mon Sep 26 15:14:38 2016,1828,-3802,574,7110,86,9,-15
Mon Sep 26 15:14:38 2016,1838,-3812,568,7176,117,34,-3
Mon Sep 26 15:14:38 2016,1848,-3892,488,7150,177,63,15
Mon Sep 26 15:14:38 2016,1857,-3942,544,7376,261,134,67
Mon Sep 26 15:14:38 2016,1867,-4278,546,7300,378,239,104
Mon Sep 26 15:14:38 2016,1877,-4252,418,7020,441,207,127
Mon Sep 26 15:14:38 2016,1886,-3626,728,7076,455,92,163
Mon Sep 26 15:14:38 2016,1896,-3718,894,7242,388,91,137
Mon Sep 26 15:14:38 2016,1906,-4024,926,7148,321,136,129
Mon Sep 26 15:14:38 2016,1941,-3976,988,7288,271,65,95
Mon Sep 26 15:14:38 2016,1951,-4304,756,7208,245,68,78
Mon Sep 26 15:14:38 2016,1961,-4032,928,6866,329,-52,83
Mon Sep 26 15:14:38 2016,1971,-3384,962,7104,237,-140,3
Mon Sep 26 15:14:38 2016,1980,-3218,908,7248,106,-47,-80
Mon Sep 26 15:14:38 2016,1990,-3236,1182,7080,-143,135,-231
Mon Sep 26 15:14:38 2016,2000,-2762,1268,7122,-233,293,-340
Mon Sep 26 15:14:38 2016,2010,-2668,1456,7192,-396,582,-619
Mon Sep 26 15:14:38 2016,2019,-3124,540,7732,-523,784,-967
Mon Sep 26 15:14:38 2016,2029,-4,764,8082,-459,1530,-1583
Mon Sep 26 15:14:38 2016,2039,-906,1864,10238,-476,1708,-1861
Mon Sep 26 15:14:38 2016,2049,856,3934,13048,-427,989,-1534
Mon Sep 26 15:14:38 2016,2058,1688,4568,15302,13,663,-1035
Mon Sep 26 15:14:38 2016,2068,1812,4694,13380,3,-23,-358
Mon Sep 26 15:14:38 2016,2078,2798,3498,12182,-108,-485,-102
Mon Sep 26 15:14:38 2016,2111,3288,2504,11202,121,-897,219
Mon Sep 26 15:14:38 2016,2120,2938,1834,10654,351,-1083,303
Mon Sep 26 15:14:38 2016,2130,2676,1762,10700,551,-1370,258
Mon Sep 26 15:14:38 2016,2140,2432,1798,10826,568,-1584,187
Mon Sep 26 15:14:38 2016,2149,2178,1890,10470,486,-1820,95
Mon Sep 26 15:14:38 2016,2159,1936,1866,9986,509,-1906,84
Mon Sep 26 15:14:38 2016,2169,1408,2364,9426,546,-1901,145
Mon Sep 26 15:14:38 2016,2179,1042,2554,9656,568,-1870,224
Mon Sep 26 15:14:38 2016,2188,-326,2754,10242,781,-1956,464
Mon Sep 26 15:14:38 2016,2198,-1082,3172,10602,957,-2207,725
Mon Sep 26 15:14:38 2016,2208,-968,3646,10366,1034,-2512,1110
Mon Sep 26 15:14:38 2016,2218,-794,3700,9298,930,-2589,1310
Mon Sep 26 15:14:38 2016,2227,-860,3420,9088,837,-2581,1628
Mon Sep 26 15:14:38 2016,2237,-1526,3446,9512,837,-2616,1893
Mon Sep 26 15:14:38 2016,2247,-1860,3514,9918,760,-2804,2230
Mon Sep 26 15:14:38 2016,2280,-1646,3150,9650,633,-2901,2411
Mon Sep 26 15:14:38 2016,2290,-1250,2846,9236,426,-2917,2621
Mon Sep 26 15:14:38 2016,2299,-870,2612,8770,237,-2841,2714
Mon Sep 26 15:14:38 2016,2309,-796,2336,8620,-48,-2645,2764
Mon Sep 26 15:14:38 2016,2319,-994,1898,8870,-104,-2513,2782
Mon Sep 26 15:14:38 2016,2328,-1492,1612,9332,-53,-2411,2802
Mon Sep 26 15:14:38 2016,2338,-1556,1582,9452,13,-2431,2802
Mon Sep 26 15:14:38 2016,2348,-1358,1510,9348,-24,-2454,2700
Mon Sep 26 15:14:38 2016,2358,-1422,1340,9170,-65,-2461,2604
Mon Sep 26 15:14:38 2016,2367,-1690,1118,9070,-52,-2500,2449
Mon Sep 26 15:14:38 2016,2377,-2260,950,9356,21,-2588,2316
Mon Sep 26 15:14:38 2016,2387,-2430,922,9184,105,-2847,2118
Mon Sep 26 15:14:38 2016,2397,-1946,926,8410,125,-2990,1989
Mon Sep 26 15:14:38 2016,2406,-1394,954,7674,113,-2997,1759
Mon Sep 26 15:14:38 2016,2416,-1598,1096,7530,61,-2923,1589
Mon Sep 26 15:14:38 2016,2449,-1882,1114,7372,20,-2877,1371
Mon Sep 26 15:14:38 2016,2458,-1978,1114,7218,11,-2865,1207
Mon Sep 26 15:14:38 2016,2468,-1872,1050,6904,78,-2820,1026
Mon Sep 26 15:14:38 2016,2478,-2270,802,6972,214,-2795,941
Mon Sep 26 15:14:38 2016,2487,-2362,934,7158,414,-2846,798
Mon Sep 26 15:14:38 2016,2497,-2602,904,7304,456,-2937,684
Mon Sep 26 15:14:38 2016,2507,-3240,526,7606,599,-3228,546
Mon Sep 26 15:14:38 2016,2517,-3338,-248,6636,752,-3534,479
Mon Sep 26 15:14:38 2016,2526,-2862,-410,5562,879,-3688,388
Mon Sep 26 15:14:38 2016,2536,-3462,-582,4724,1045,-3638,127
Mon Sep 26 15:14:38 2016,2546,-3850,-418,4372,1024,-3536,-134
Mon Sep 26 15:14:38 2016,2556,-4554,-136,3476,853,-3306,-521
Mon Sep 26 15:14:38 2016,2565,-4990,24,2368,691,-2907,-833
Mon Sep 26 15:14:38 2016,2575,-5900,286,1382,620,-2541,-973
Mon Sep 26 15:14:38 2016,2585,-6726,652,1046,484,-2042,-938
Mon Sep 26 15:14:38 2016,2618,-7068,1374,-338,259,-1583,-845
Mon Sep 26 15:14:38 2016,2692,-7338,1440,-932,-34,-947,-770
Mon Sep 26 15:14:38 2016,2703,-8326,1234,-1476,-377,206,-562
Mon Sep 26 15:14:39 2016,2713,-9426,1486,-1282,-621,1275,-167
Mon Sep 26 15:14:39 2016,2722,-10966,1844,-1272,-892,1983,142
Mon Sep 26 15:14:39 2016,2732,-11664,1646,-716,-1288,2992,596
Mon Sep 26 15:14:39 2016,2743,-12752,1166,68,-1517,3566,822
Mon Sep 26 15:14:39 2016,2752,-12162,1318,-190,-1946,4582,943
Mon Sep 26 15:14:39 2016,2762,-10966,1620,476,-2264,5491,851
Mon Sep 26 15:14:39 2016,2773,12538,28,16240,-1987,7631,-711
Mon Sep 26 15:14:39 2016,2783,32767,8396,32767,-2465,5685,-179
Mon Sep 26 15:14:39 2016,2792,18014,-808,-14616,-2448,8730,-959
Mon Sep 26 15:14:39 2016,2803,-11800,-9408,2982,-2754,11789,-985
Mon Sep 26 15:14:39 2016,2813,-7302,-11812,17206,-1687,12099,-169
Mon Sep 26 15:14:39 2016,2822,-3676,-9102,5030,1743,12640,-190
Mon Sep 26 15:14:39 2016,2855,-11142,1272,17306,3666,12372,-135
Mon Sep 26 15:14:39 2016,2864,-12862,12502,27418,3308,11490,-153
Mon Sep 26 15:14:39 2016,2873,-32768,20962,12424,-2559,8804,-1340
Mon Sep 26 15:14:39 2016,2882,-9106,-16520,16056,-2922,1447,-874
Mon Sep 26 15:14:39 2016,2892,-1228,-1430,7008,-1060,952,-857
Mon Sep 26 15:14:39 2016,2901,-8824,4738,6706,-1388,1142,-518
Mon Sep 26 15:14:39 2016,2910,-4706,-812,10198,-1430,852,-752
Mon Sep 26 15:14:39 2016,2919,-4902,3878,5884,-1224,448,-789
Mon Sep 26 15:14:39 2016,2929,-4756,794,8074,-1273,-145,-649
Mon Sep 26 15:14:39 2016,2938,-4380,632,8156,-971,-110,-628
Mon Sep 26 15:14:39 2016,2947,-3210,24,6796,-745,-70,-452
Mon Sep 26 15:14:39 2016,2956,-3060,-68,7594,-441,142,-308
Mon Sep 26 15:14:39 2016,2966,-3982,42,7496,-260,323,-212
Mon Sep 26 15:14:39 2016,2975,-3556,-180,7134,-71,327,-18
Mon Sep 26 15:14:39 2016,2984,-3064,138,7470,61,438,54
Mon Sep 26 15:14:39 2016,2994,-2294,420,7090,179,667,134
Mon Sep 26 15:14:39 2016,3026,-4306,376,8918,577,1174,356
Mon Sep 26 15:14:39 2016,3035,-3596,1628,5218,209,683,208
Mon Sep 26 15:14:39 2016,3044,-3684,946,6642,282,733,160
Mon Sep 26 15:14:39 2016,3054,-3838,1118,7092,264,802,56
Mon Sep 26 15:14:39 2016,3063,-3454,1000,7302,155,720,-113
Mon Sep 26 15:14:39 2016,3072,-3618,1004,7166,169,886,-232
Mon Sep 26 15:14:39 2016,3081,-3976,584,7200,174,1021,-276
Mon Sep 26 15:14:39 2016,3091,-4126,588,7002,165,1000,-241
Mon Sep 26 15:14:39 2016,3100,-3954,440,7056,169,1031,-164
Mon Sep 26 15:14:39 2016,3109,-4302,512,7128,252,1099,-127
Mon Sep 26 15:14:39 2016,3118,-4456,896,7108,416,1245,-108
Mon Sep 26 15:14:39 2016,3128,-4262,892,6788,355,1230,-178
Mon Sep 26 15:14:39 2016,3137,-3578,74,6436,352,1261,-103
Mon Sep 26 15:14:39 2016,3146,-3688,958,7094,377,1399,-255
Mon Sep 26 15:14:39 2016,3155,-4394,-766,2194,181,2031,-484
Mon Sep 26 15:14:39 2016,3187,-3976,444,7042,282,1857,-389
Mon Sep 26 15:14:39 2016,3197,-4392,270,5692,240,1497,-227
Mon Sep 26 15:14:39 2016,3206,-4112,510,6984,327,1546,-97
Mon Sep 26 15:14:39 2016,3215,-4300,758,7002,337,1686,-42
Mon Sep 26 15:14:39 2016,3224,-4622,690,6226,325,1791,-24
Mon Sep 26 15:14:39 2016,3234,-4674,928,6552,254,1679,-52
Mon Sep 26 15:14:39 2016,3243,-4460,686,7028,307,1807,13
Mon Sep 26 15:14:39 2016,3252,-5786,1120,5230,180,2276,117
Mon Sep 26 15:14:39 2016,3261,-5854,494,6008,233,1861,57
Mon Sep 26 15:14:39 2016,3270,-4502,958,6280,87,1659,-36
Mon Sep 26 15:14:39 2016,3280,-4784,882,6346,52,1788,-94
Mon Sep 26 15:14:39 2016,3289,-5486,1098,5764,131,1719,-57
Mon Sep 26 15:14:39 2016,3298,-5062,1120,5506,83,1227,-313
Mon Sep 26 15:14:39 2016,3307,-4440,996,6716,220,2257,-245
Mon Sep 26 15:14:39 2016,3317,-6188,1188,5366,571,2946,-476
Mon Sep 26 15:14:39 2016,3349,-4628,418,7514,196,3203,-268
Mon Sep 26 15:14:39 2016,3358,-4272,348,7856,431,4074,-126
Mon Sep 26 15:14:39 2016,3367,-5132,702,6856,195,4749,0
Mon Sep 26 15:14:39 2016,3377,-6982,1262,6320,148,5273,21
Mon Sep 26 15:14:39 2016,3386,-6660,1154,6120,103,6000,-219
Mon Sep 26 15:14:39 2016,3395,-4804,518,7902,289,6586,-450
Mon Sep 26 15:14:39 2016,3404,-5692,1718,7832,669,7650,-723
Mon Sep 26 15:14:39 2016,3414,-4870,324,6032,475,8281,-957
Mon Sep 26 15:14:39 2016,3423,-6718,1376,7728,55,9270,-895
Mon Sep 26 15:14:39 2016,3432,-4034,-326,8702,140,11067,-736
Mon Sep 26 15:14:39 2016,3441,-8948,2044,8518,476,12407,-494
Mon Sep 26 15:14:39 2016,3451,-3146,1400,5166,771,15296,-847
Mon Sep 26 15:14:39 2016,3460,-9072,798,6144,3188,16955,172
Mon Sep 26 15:14:39 2016,3469,-14290,1746,7808,5038,16540,1110
Mon Sep 26 15:14:39 2016,3478,-14848,1288,9802,6845,15820,1460
Mon Sep 26 15:14:39 2016,3511,-18566,4030,15466,9136,14973,1672
Mon Sep 26 15:14:39 2016,3520,-17280,2282,10612,10291,12988,891
Mon Sep 26 15:14:39 2016,3529,-16670,5438,14408,9564,10222,694
Mon Sep 26 15:14:39 2016,3538,-10284,13664,12014,8798,7216,-271
Mon Sep 26 15:14:39 2016,3548,-3194,16138,31324,7978,3072,-1788
Mon Sep 26 15:14:39 2016,3557,-15932,16718,32382,1963,-547,-3107
Mon Sep 26 15:14:39 2016,3566,-5108,10160,24946,121,-3453,-2798
Mon Sep 26 15:14:39 2016,3575,2508,5566,13722,-1678,-6588,-2495
Mon Sep 26 15:14:39 2016,3584,3028,5056,10832,-2159,-6834,-2408
Mon Sep 26 15:14:39 2016,3594,312,3334,8108,-1486,-6961,-2400
Mon Sep 26 15:14:39 2016,3603,382,3448,7992,-1140,-7229,-2138
Mon Sep 26 15:14:39 2016,3612,-984,4140,8380,-1145,-7957,-1835
Mon Sep 26 15:14:39 2016,3621,-2158,4462,7964,-1327,-8433,-1754
Mon Sep 26 15:14:39 2016,3631,-3140,4394,7424,-1751,-8987,-1698
Mon Sep 26 15:14:39 2016,3640,-3516,3896,7150,-1979,-9374,-1641
Mon Sep 26 15:14:39 2016,3672,-3440,3634,6058,-1988,-9744,-1454
Mon Sep 26 15:14:39 2016,3681,-3860,3948,6396,-1784,-10016,-1354
Mon Sep 26 15:14:39 2016,3690,-3636,3010,5904,-943,-9668,-1149
Mon Sep 26 15:14:39 2016,3700,-3996,2464,4238,-356,-9602,-815
Mon Sep 26 15:14:39 2016,3709,-5524,3340,6236,674,-9418,-256
Mon Sep 26 15:14:39 2016,3718,-7102,4040,7062,1152,-9503,269
Mon Sep 26 15:14:39 2016,3727,-7568,4610,7632,1405,-9844,1101
Mon Sep 26 15:14:39 2016,3737,-8130,4528,7592,1343,-9982,1649
Mon Sep 26 15:14:39 2016,3746,-8624,3922,7248,1352,-10149,2502
Mon Sep 26 15:14:39 2016,3755,-8890,3486,7372,1362,-10188,3050
Mon Sep 26 15:14:39 2016,3764,-9922,3396,7050,1527,-9964,3796
Mon Sep 26 15:14:39 2016,3774,-9212,2230,8444,1397,-9865,4280
Mon Sep 26 15:14:40 2016,3783,-10502,1622,8430,1486,-9879,4649
Mon Sep 26 15:14:40 2016,3792,-10506,1830,9320,1378,-9946,4711
Mon Sep 26 15:14:40 2016,3801,-10502,1646,9400,1043,-9868,4630
Mon Sep 26 15:14:40 2016,3810,-10504,1226,9198,888,-9731,4485
Mon Sep 26 15:14:40 2016,3843,-10306,1130,9120,829,-9358,4235
Mon Sep 26 15:14:40 2016,3852,-10268,1054,9074,873,-9024,3975
Mon Sep 26 15:14:40 2016,3861,-10418,1354,9326,957,-8478,3545
Mon Sep 26 15:14:40 2016,3870,-11864,1806,10606,1018,-8232,3257
Mon Sep 26 15:14:40 2016,3879,-13016,1840,11872,1284,-8204,2927
Mon Sep 26 15:14:40 2016,3889,-13748,3042,13594,1405,-8460,2703
Mon Sep 26 15:14:40 2016,3898,-14768,3336,13920,1547,-8992,2344
Mon Sep 26 15:14:40 2016,3907,-14018,2966,12320,1699,-9395,2170
Mon Sep 26 15:14:40 2016,3916,-13742,244,9380,2628,-9619,2375
Mon Sep 26 15:14:40 2016,3926,-13236,-476,5046,3514,-9273,2497
Mon Sep 26 15:14:40 2016,3935,-14832,-798,3570,4319,-8379,2499
Mon Sep 26 15:14:40 2016,3944,-17910,-1668,636,4519,-7978,2409
Mon Sep 26 15:14:40 2016,3953,-18480,-3130,-3564,4522,-7646,2348
Mon Sep 26 15:14:40 2016,3962,-18706,-4534,-10624,4214,-6195,2273
Mon Sep 26 15:14:40 2016,3972,-18686,-4630,-13166,3436,-4506,1986
Mon Sep 26 15:14:40 2016,4004,-18608,-2576,-13352,1047,-1406,1012
Mon Sep 26 15:14:40 2016,4013,-17918,-2312,-11026,-1261,705,-5
Mon Sep 26 15:14:40 2016,4022,-19840,-2744,-6340,-4136,2949,-1232
Mon Sep 26 15:14:40 2016,4032,-17966,-3356,-2844,-5103,3759,-1874
Mon Sep 26 15:14:40 2016,4041,-15208,-3082,-1992,-4935,4582,-1681
Mon Sep 26 15:14:40 2016,4050,-13214,-1842,-940,-4528,5301,-1282
Mon Sep 26 15:14:40 2016,4059,-12638,-532,1294,-4312,6570,-636
Mon Sep 26 15:14:40 2016,4068,12232,-4220,10404,-4118,7615,-170
Mon Sep 26 15:14:40 2016,4077,6560,4616,10276,-3756,8555,-794
Mon Sep 26 15:14:40 2016,4087,15100,-4424,-7434,-4110,12915,-2521
Mon Sep 26 15:14:40 2016,4096,-16948,-7804,13618,2618,15502,-193
Mon Sep 26 15:14:40 2016,4105,-21746,-2410,32226,1599,13339,-252
Mon Sep 26 15:14:40 2016,4114,-26626,18888,32767,-1096,10258,-842
Mon Sep 26 15:14:40 2016,4123,-32768,12178,10060,-4672,6750,-1923
Mon Sep 26 15:14:40 2016,4133,-246,-19316,18036,-2417,5230,-3032
Mon Sep 26 15:14:40 2016,4142,-650,-10848,5808,-1579,2487,-1302
Mon Sep 26 15:14:40 2016,4174,-10254,8788,8368,-2405,2494,-1021
Mon Sep 26 15:14:40 2016,4184,-6588,360,7498,-2195,914,-1315
Mon Sep 26 15:14:40 2016,4193,-5914,458,7048,-1838,293,-1150
Mon Sep 26 15:14:40 2016,4202,-5188,134,8082,-1027,-141,-652
Mon Sep 26 15:14:40 2016,4211,-4188,1366,7352,-942,-228,-629
Mon Sep 26 15:14:40 2016,4220,-3494,732,7126,-791,-216,-590
Mon Sep 26 15:14:40 2016,4230,-3908,564,7640,-600,-156,-505
Mon Sep 26 15:14:40 2016,4239,-3826,318,7504,-562,-177,-491
Mon Sep 26 15:14:40 2016,4248,-3086,164,7460,-517,-40,-422
Mon Sep 26 15:14:40 2016,4257,-4390,1098,7332,-645,68,-484
Mon Sep 26 15:14:40 2016,4266,-2584,410,7410,-425,97,-274
Mon Sep 26 15:14:40 2016,4275,-3210,662,7632,-405,523,-203
Mon Sep 26 15:14:40 2016,4284,-3590,542,7534,-353,594,-142
Mon Sep 26 15:14:40 2016,4293,-3638,708,7592,-328,667,-105
Mon Sep 26 15:14:40 2016,4303,-3468,678,7190,-215,738,-109
Mon Sep 26 15:14:40 2016,4332,-3698,1286,7232,-100,702,-178
Mon Sep 26 15:14:40 2016,4341,-3736,1330,7166,-24,546,-353
Mon Sep 26 15:14:40 2016,4350,-3366,80,7586,56,424,-431
Mon Sep 26 15:14:40 2016,4359,-3518,462,7042,90,428,-410
Mon Sep 26 15:14:40 2016,4368,-3518,496,7258,150,468,-363
Mon Sep 26 15:14:40 2016,4378,-3664,70,7316,175,543,-350
Mon Sep 26 15:14:40 2016,4387,-3884,148,7002,168,549,-305
Mon Sep 26 15:14:40 2016,4396,-3952,572,7262,212,600,-231
Mon Sep 26 15:14:40 2016,4405,-3992,594,7598,217,560,-242
Mon Sep 26 15:14:40 2016,4415,-3920,376,7158,217,600,-264
Mon Sep 26 15:14:40 2016,4424,-4362,502,6090,165,759,-295
Mon Sep 26 15:14:40 2016,4433,-3528,522,7624,260,777,-279
Mon Sep 26 15:14:40 2016,4442,-5434,-52,856,-4,1821,-314
Mon Sep 26 15:14:40 2016,4451,-3464,302,8508,489,652,-184
Mon Sep 26 15:14:40 2016,4461,-3744,1286,6582,252,1569,-478
Mon Sep 26 15:14:40 2016,4493,-4274,1620,8740,374,1290,-211
Mon Sep 26 15:14:40 2016,4502,-4564,-2252,1144,312,1973,-215
Mon Sep 26 15:14:40 2016,4511,-3320,4420,15988,561,506,26
Mon Sep 26 15:14:40 2016,4520,-684,1380,12562,753,-195,225
Mon Sep 26 15:14:40 2016,4529,-2678,394,11250,151,1485,-100
Mon Sep 26 15:14:40 2016,4539,-3552,1128,6884,15,1711,-48
Mon Sep 26 15:14:40 2016,4548,-3744,-900,11598,-281,2261,-426
Mon Sep 26 15:14:40 2016,4557,-4124,-522,5668,113,2381,-348
Mon Sep 26 15:14:40 2016,4566,-5526,1506,7144,116,2669,-316
Mon Sep 26 15:14:40 2016,4575,-4946,114,7368,439,3166,-240
Mon Sep 26 15:14:40 2016,4585,-4978,1470,6050,116,3838,-177
Mon Sep 26 15:14:40 2016,4594,-4654,488,5928,-126,4358,-39
Mon Sep 26 15:14:40 2016,4603,-5000,436,6054,171,4660,93
Mon Sep 26 15:14:40 2016,4612,-4650,708,9412,320,4698,212
Mon Sep 26 15:14:40 2016,4622,-5120,232,8342,-67,6123,188
Mon Sep 26 15:14:40 2016,4655,-3816,-706,8562,-406,6968,174
Mon Sep 26 15:14:40 2016,4665,-6618,1586,7510,-808,8250,18
Mon Sep 26 15:14:40 2016,4674,-6196,1748,10392,-525,8974,-206
Mon Sep 26 15:14:40 2016,4683,-3874,492,4494,-1015,9548,-496
Mon Sep 26 15:14:40 2016,4692,-7876,2420,8046,-1365,11556,-779
Mon Sep 26 15:14:40 2016,4702,-2408,1564,7198,-1286,12873,-745
Mon Sep 26 15:14:40 2016,4711,-3968,436,7062,-851,15732,-1575
Mon Sep 26 15:14:40 2016,4720,-5130,1196,5940,-40,16741,-1186
Mon Sep 26 15:14:40 2016,4729,-10074,458,9812,2873,18154,-1147
Mon Sep 26 15:14:40 2016,4738,-16314,3030,8198,3704,17641,-1327
Mon Sep 26 15:14:40 2016,4748,-14964,2712,12012,5799,15862,-1271
Mon Sep 26 15:14:40 2016,4757,-15682,1368,13572,7455,14225,-2512
Mon Sep 26 15:14:40 2016,4766,-7034,8458,25124,6707,12445,-3050
Mon Sep 26 15:14:40 2016,4775,-7378,10162,14302,3624,9628,-6610
Mon Sep 26 15:14:40 2016,4784,-4116,8212,27268,2909,7162,-5588
Mon Sep 26 15:14:40 2016,4816,-32768,9776,21436,1482,4383,-3737
Mon Sep 26 15:14:40 2016,4826,-1702,11984,32767,1442,177,-3395
Mon Sep 26 15:14:40 2016,4835,-3840,9494,21344,-963,-3446,-3221
Mon Sep 26 15:14:40 2016,4844,170,4022,13994,-986,-5671,-2849
Mon Sep 26 15:14:40 2016,4853,672,3994,11824,-343,-6408,-2031
Mon Sep 26 15:14:41 2016,4863,1048,4100,8764,170,-6905,-1481
Mon Sep 26 15:14:41 2016,4872,338,4644,6248,151,-6893,-938
Mon Sep 26 15:14:41 2016,4881,-770,5484,8442,213,-8062,-146
Mon Sep 26 15:14:41 2016,4890,-1938,5876,8564,-243,-8541,293
Mon Sep 26 15:14:41 2016,4900,-3334,5670,8732,-963,-9458,909
Mon Sep 26 15:14:41 2016,4909,-4938,4718,9962,-1146,-10207,1323
Mon Sep 26 15:14:41 2016,4918,-966,4192,8804,-1213,-10872,1844
Mon Sep 26 15:14:41 2016,4927,-6122,2912,5118,-802,-10911,1962
Mon Sep 26 15:14:41 2016,4936,-5344,2438,5986,-183,-11156,2400
Mon Sep 26 15:14:41 2016,4946,-6290,2334,6376,335,-11201,2533
Mon Sep 26 15:14:41 2016,4955,-7654,1762,5842,885,-11240,2685
Mon Sep 26 15:14:41 2016,4988,-7372,1384,6672,1235,-11183,2699
Mon Sep 26 15:14:41 2016,4997,-8780,1330,7100,1695,-10960,2826
Mon Sep 26 15:14:41 2016,5007,-9450,950,8154,2032,-10890,2954
Mon Sep 26 15:14:41 2016,5017,-10682,1050,8756,2378,-10994,3270
Mon Sep 26 15:14:41 2016,5026,-11086,1328,9264,2457,-11088,3465
Mon Sep 26 15:14:41 2016,5036,-11476,2108,9738,2271,-11121,3835
Mon Sep 26 15:14:41 2016,5046,-11816,928,8784,1974,-11097,4076
Mon Sep 26 15:14:41 2016,5055,-11604,680,9590,1708,-10889,4420
Mon Sep 26 15:14:41 2016,5065,-11996,172,10160,1692,-10725,4620
Mon Sep 26 15:14:41 2016,5075,-12250,-530,10260,2163,-10670,4635
Mon Sep 26 15:14:41 2016,5085,-11938,-472,9936,2593,-10541,4525
Mon Sep 26 15:14:41 2016,5094,-11824,-222,9686,3270,-10193,4066
Mon Sep 26 15:14:41 2016,5104,-11774,286,9554,3580,-9869,3643
Mon Sep 26 15:14:41 2016,5114,-12220,1022,10468,3749,-9382,2953
Mon Sep 26 15:14:41 2016,5124,-14268,2212,13068,3611,-9245,2490
Mon Sep 26 15:14:41 2016,5156,-15406,3404,13224,3193,-9510,1794
Mon Sep 26 15:14:41 2016,5166,-16292,2914,12998,3003,-9798,1565
Mon Sep 26 15:14:41 2016,5175,-16552,1866,10824,3281,-9925,1574
Mon Sep 26 15:14:41 2016,5185,-16490,-372,6134,3845,-9754,1878
Mon Sep 26 15:14:41 2016,5195,-17690,-1166,3278,4597,-9308,2303
Mon Sep 26 15:14:41 2016,5204,-20874,-2076,-994,5325,-8400,2695
Mon Sep 26 15:14:41 2016,5214,-21978,-3242,-5372,5377,-7358,2826
Mon Sep 26 15:14:41 2016,5224,-22504,-5592,-11934,5263,-6230,2745
Mon Sep 26 15:14:41 2016,5234,-21918,-5444,-14426,4718,-4597,2464
Mon Sep 26 15:14:41 2016,5243,-20108,-2948,-14710,2466,-1434,1129
Mon Sep 26 15:14:41 2016,5253,-19706,-1378,-9738,-777,1348,-501
Mon Sep 26 15:14:41 2016,5263,-19074,-198,-3966,-2598,2462,-1199
Mon Sep 26 15:14:41 2016,5273,-17096,-84,-1280,-3504,3151,-1418
Mon Sep 26 15:14:41 2016,5282,-15114,148,1838,-3087,3542,-876
Mon Sep 26 15:14:41 2016,5292,-13236,2040,3694,-2281,3690,-115
Mon Sep 26 15:14:41 2016,5301,-9536,4240,3880,-1756,4095,1189
Mon Sep 26 15:14:41 2016,5334,9550,10760,7646,-1578,4616,2110
Mon Sep 26 15:14:41 2016,5344,15666,27556,15212,-3272,5679,3095
Mon Sep 26 15:14:41 2016,5354,25756,-8576,-9704,-6846,9846,-3387
Mon Sep 26 15:14:41 2016,5363,-9072,-22342,15582,-5557,12971,-3739
Mon Sep 26 15:14:41 2016,5373,-25528,-12544,27616,-3344,13023,-1337
Mon Sep 26 15:14:41 2016,5383,-8092,-9074,17626,-2022,12773,-3345
Mon Sep 26 15:14:41 2016,5393,-16466,2664,8898,-1713,12442,-2527
Mon Sep 26 15:14:41 2016,5402,-14546,4816,12576,-1003,10315,-768
Mon Sep 26 15:14:41 2016,5412,-27820,1180,19038,-2899,8720,-1515
Mon Sep 26 15:14:41 2016,5422,-12652,-3770,8994,-2791,5348,-1077
Mon Sep 26 15:14:41 2016,5432,-12350,-5448,6590,-1367,3581,-878
Mon Sep 26 15:14:41 2016,5441,-6514,3826,8514,-1988,2651,-1348
Mon Sep 26 15:14:41 2016,5451,-8576,-2280,9072,-2009,1188,-1446
Mon Sep 26 15:14:41 2016,5461,-6054,2532,7776,-1582,249,-1096
Mon Sep 26 15:14:41 2016,5471,-5360,1830,6394,-1544,379,-790
Mon Sep 26 15:14:41 2016,5504,-3968,1206,7510,-863,24,-669
Mon Sep 26 15:14:41 2016,5513,-3456,864,7916,-688,-2,-512
Mon Sep 26 15:14:41 2016,5523,-4654,50,7582,-186,242,-321
Mon Sep 26 15:14:41 2016,5533,-4168,670,7576,193,295,-64
Mon Sep 26 15:14:41 2016,5543,-3728,-40,7454,543,500,174
Mon Sep 26 15:14:41 2016,5552,-3750,560,7624,734,597,320
Mon Sep 26 15:14:41 2016,5562,-2572,-594,7828,1007,584,769
Mon Sep 26 15:14:41 2016,5572,-4806,242,8310,1536,971,826
Mon Sep 26 15:14:41 2016,5582,-3178,1340,6102,1460,1034,888
Mon Sep 26 15:14:41 2016,5591,-3788,1190,7562,1476,943,746
Mon Sep 26 15:14:41 2016,5601,-3982,2116,6124,1279,1043,558
Mon Sep 26 15:14:41 2016,5611,-4260,1096,6960,1227,968,506
Mon Sep 26 15:14:41 2016,5620,-4344,1658,6684,1137,812,489
Mon Sep 26 15:14:41 2016,5630,-4064,1240,6690,1064,752,412
Mon Sep 26 15:14:41 2016,5640,-3826,1512,6432,834,640,386
Mon Sep 26 15:14:41 2016,5673,-4544,1608,6356,734,620,387
Mon Sep 26 15:14:41 2016,5683,-4242,1348,6592,698,565,313
Mon Sep 26 15:14:41 2016,5693,-4298,1208,6014,665,736,257
Mon Sep 26 15:14:41 2016,5702,-4380,1736,6694,588,599,230
Mon Sep 26 15:14:41 2016,5712,-3362,1804,9242,440,502,243
Mon Sep 26 15:14:41 2016,5722,-3250,1328,7302,546,504,106
Mon Sep 26 15:14:41 2016,5732,-4122,2510,5550,107,714,53
Mon Sep 26 15:14:41 2016,5741,-3586,1736,5774,-92,515,-244
Mon Sep 26 15:14:41 2016,5751,-3594,2452,5510,-341,645,-408
Mon Sep 26 15:14:41 2016,5761,-3934,1748,6114,-467,582,-652
Mon Sep 26 15:14:41 2016,5771,-3344,2888,5084,-745,737,-714
Mon Sep 26 15:14:41 2016,5780,-4268,1948,6194,-980,764,-1049
Mon Sep 26 15:14:41 2016,5790,-3672,1664,6374,-1130,714,-1251
Mon Sep 26 15:14:41 2016,5800,-4568,1552,5228,-1246,1067,-1279
Mon Sep 26 15:14:41 2016,5810,-4830,1226,8072,-1159,854,-1509
Mon Sep 26 15:14:41 2016,5842,-4454,1226,8320,-1177,968,-1294
Mon Sep 26 15:14:41 2016,5852,-4230,542,7588,-1132,1303,-1336
Mon Sep 26 15:14:41 2016,5862,-4790,452,6620,-922,1564,-1280
Mon Sep 26 15:14:41 2016,5871,-4650,254,6862,-556,1650,-1013
Mon Sep 26 15:14:41 2016,5881,-4450,688,7740,-323,1778,-750
Mon Sep 26 15:14:41 2016,5891,-3532,1346,8454,-190,2484,-705
Mon Sep 26 15:14:41 2016,5901,-4684,898,6630,-66,2977,-530
Mon Sep 26 15:14:41 2016,5910,-3886,1292,7040,-13,3641,-689
Mon Sep 26 15:14:41 2016,5920,-4732,624,7076,152,4403,-788
Mon Sep 26 15:14:41 2016,5930,-5234,906,8006,468,5028,-810
Mon Sep 26 15:14:41 2016,5940,-6696,1704,6488,871,5805,-683
Mon Sep 26 15:14:41 2016,5950,-4046,-1280,7300,872,6663,-734
Mon Sep 26 15:14:41 2016,5959,-5762,-376,8396,1081,7922,-475
Mon Sep 26 15:14:42 2016,5969,-4178,-1670,7096,811,8869,-703
Mon Sep 26 15:14:42 2016,5979,50,-3392,8262,744,10241,-730
Mon Sep 26 15:14:42 2016,6008,-3302,938,7072,1138,12020,-757
Mon Sep 26 15:14:42 2016,6018,-4642,46,6138,1320,13273,-947
Mon Sep 26 15:14:42 2016,6028,-6664,4938,12382,2248,15617,-930
Mon Sep 26 15:14:42 2016,6037,-9252,1318,7514,3151,16841,-552
Mon Sep 26 15:14:42 2016,6047,-17756,5828,14326,4901,17854,-300
Mon Sep 26 15:14:42 2016,6057,-14696,-2458,14684,7253,16954,-447
Mon Sep 26 15:14:42 2016,6067,-15042,2016,11062,7519,14232,-662
Mon Sep 26 15:14:42 2016,6076,-16900,3006,12632,7556,12554,191
Mon Sep 26 15:14:42 2016,6086,-4640,2922,15092,7827,9538,-197
Mon Sep 26 15:14:42 2016,6096,-4852,8184,21118,7636,7010,-1603
Mon Sep 26 15:14:42 2016,6106,-24268,8068,29274,2426,3391,-3565
Mon Sep 26 15:14:42 2016,6115,-9526,11132,32767,1343,-465,-4351
Mon Sep 26 15:14:42 2016,6125,-740,5792,22618,-1290,-4581,-4517
Mon Sep 26 15:14:42 2016,6135,1926,4290,17534,-1766,-6457,-4001
Mon Sep 26 15:14:42 2016,6145,3806,3698,13036,-1006,-7468,-3843
Mon Sep 26 15:14:42 2016,6178,-284,4822,8438,-1106,-7238,-3718
Mon Sep 26 15:14:42 2016,6187,-1860,5440,10472,-214,-8308,-3493
Mon Sep 26 15:14:42 2016,6197,-3544,6306,10788,-236,-9206,-3079
Mon Sep 26 15:14:42 2016,6207,-4414,6632,9032,-580,-10533,-2356
Mon Sep 26 15:14:42 2016,6217,-3912,6146,7456,-887,-11091,-1948
Mon Sep 26 15:14:42 2016,6226,-3598,3900,5322,-982,-11314,-1429
Mon Sep 26 15:14:42 2016,6236,-3996,3372,4436,-734,-11052,-1208
Mon Sep 26 15:14:42 2016,6246,-5778,4454,4684,-116,-10762,-734
Mon Sep 26 15:14:42 2016,6255,-6378,4248,5664,340,-10786,-307
Mon Sep 26 15:14:42 2016,6265,-7478,4108,5632,1181,-10625,322
Mon Sep 26 15:14:42 2016,6275,-7784,3960,6420,1663,-10604,841
Mon Sep 26 15:14:42 2016,6285,-8542,4068,7086,2321,-10466,1600
Mon Sep 26 15:14:42 2016,6294,-8834,4120,7142,2588,-10350,2140
Mon Sep 26 15:14:42 2016,6304,-9174,3980,7432,2652,-10219,2933
Mon Sep 26 15:14:42 2016,6314,-10488,4442,8310,2640,-10088,3382
Mon Sep 26 15:14:42 2016,6347,-10274,4158,8306,2167,-9976,4080
Mon Sep 26 15:14:42 2016,6356,-9902,3788,8728,1919,-9869,4563
Mon Sep 26 15:14:42 2016,6366,-9550,3256,8686,1695,-9635,4958
Mon Sep 26 15:14:42 2016,6376,-9582,2666,9306,1588,-9242,5351
Mon Sep 26 15:14:42 2016,6385,-10358,2444,9910,1618,-8976,5558
Mon Sep 26 15:14:42 2016,6395,-11070,2220,10746,1911,-8753,5822
Mon Sep 26 15:14:42 2016,6405,-11594,2066,11678,2246,-8560,5843
Mon Sep 26 15:14:42 2016,6415,-13222,2506,12608,2510,-8571,5802
Mon Sep 26 15:14:42 2016,6425,-14606,2742,13772,2491,-8852,5326
Mon Sep 26 15:14:42 2016,6434,-16256,3400,12982,2230,-9214,4742
Mon Sep 26 15:14:42 2016,6444,-15822,2972,11352,1843,-9554,3825
Mon Sep 26 15:14:42 2016,6454,-15640,1148,8160,2065,-9460,3374
Mon Sep 26 15:14:42 2016,6464,-15684,208,6582,2925,-8873,2935
Mon Sep 26 15:14:42 2016,6473,-16618,-1252,4500,3696,-8407,2845
Mon Sep 26 15:14:42 2016,6483,-17576,-3676,2716,4978,-7705,3114
Mon Sep 26 15:14:42 2016,6516,-20718,-5410,-1896,5839,-7297,3428
Mon Sep 26 15:14:42 2016,6525,-21908,-5058,-7114,5926,-6752,3439
Mon Sep 26 15:14:42 2016,6535,-23424,-6322,-12886,4675,-5094,2950
Mon Sep 26 15:14:42 2016,6545,-22980,-6154,-15296,3409,-3479,2405
Mon Sep 26 15:14:42 2016,6555,-19896,-3828,-13988,520,-350,955
Mon Sep 26 15:14:42 2016,6564,-18440,-2818,-9980,-1701,1664,-333
Mon Sep 26 15:14:42 2016,6574,-18652,-2290,-2810,-3627,3366,-1587
Mon Sep 26 15:14:42 2016,6584,-17302,-1956,372,-3920,3782,-1785
Mon Sep 26 15:14:42 2016,6594,-16620,-1106,4356,-2962,3871,-1230
Mon Sep 26 15:14:42 2016,6604,-15872,-254,3410,-2118,3639,-505
Mon Sep 26 15:14:42 2016,6613,-10192,1936,4596,-1446,4057,693
Mon Sep 26 15:14:42 2016,6623,32767,7590,21230,-1425,4424,1517
Mon Sep 26 15:14:42 2016,6633,9514,20210,-2522,-3932,7936,1158
Mon Sep 26 15:14:42 2016,6643,21134,-16708,-11766,-7249,10532,-3089
Mon Sep 26 15:14:42 2016,6652,-14054,-13200,20162,-1401,14761,-2287
Mon Sep 26 15:14:42 2016,6685,-23192,-10400,23734,-1777,15155,-1427
Mon Sep 26 15:14:42 2016,6694,-23392,3372,4652,-168,13855,-2010
Mon Sep 26 15:14:42 2016,6704,-32768,28368,21040,-6045,12127,-1189
Mon Sep 26 15:14:42 2016,6714,-19982,-20474,19294,-5634,5019,-1787
Mon Sep 26 15:14:42 2016,6724,-4956,-17042,12608,-2301,3237,-1639
Mon Sep 26 15:14:42 2016,6733,-14352,12802,3942,-1162,4026,-164
Mon Sep 26 15:14:42 2016,6743,-6372,3286,10424,-1571,1291,-603
Mon Sep 26 15:14:42 2016,6753,-5812,2198,8164,-1630,501,-882
Mon Sep 26 15:14:42 2016,6763,-5124,1728,8170,-1296,532,-528
Mon Sep 26 15:14:42 2016,6773,-4320,1072,7330,-762,268,-414
Mon Sep 26 15:14:42 2016,6782,-3568,2142,6492,-607,104,-332
Mon Sep 26 15:14:42 2016,6792,-3776,1296,7706,-435,162,-321
Mon Sep 26 15:14:42 2016,6802,-3312,482,7466,-255,387,-341
Mon Sep 26 15:14:42 2016,6812,-3242,150,6290,-132,593,-196
Mon Sep 26 15:14:42 2016,6821,-3478,602,7418,67,600,-135
Mon Sep 26 15:14:42 2016,6854,-4536,714,7690,356,787,55
Mon Sep 26 15:14:42 2016,6864,-4330,418,6118,540,901,225
Mon Sep 26 15:14:42 2016,6874,-3988,408,7196,632,1067,387
Mon Sep 26 15:14:42 2016,6883,-2876,708,7428,786,1078,487
Mon Sep 26 15:14:42 2016,6893,-4158,1422,7752,679,1112,534
Mon Sep 26 15:14:42 2016,6903,-3678,1268,7106,657,1057,326
Mon Sep 26 15:14:42 2016,6913,-4168,1164,6924,651,1151,219
Mon Sep 26 15:14:42 2016,6922,-4134,1156,6856,649,1144,212
Mon Sep 26 15:14:42 2016,6932,-4034,1194,6812,656,1127,148
Mon Sep 26 15:14:42 2016,6941,-3482,892,6918,649,1168,42
Mon Sep 26 15:14:42 2016,6951,-4196,1004,7000,660,1219,-5
Mon Sep 26 15:14:42 2016,6961,-4642,1090,6878,582,1204,42
Mon Sep 26 15:14:42 2016,6971,-4326,896,6608,544,1179,84
Mon Sep 26 15:14:42 2016,6980,-3876,974,6012,495,1175,-23
Mon Sep 26 15:14:42 2016,6990,-3972,1806,6182,389,1148,-44
Mon Sep 26 15:14:42 2016,7023,-4066,1634,6214,238,1205,-236
Mon Sep 26 15:14:42 2016,7033,-4034,1162,5954,109,1206,-272
Mon Sep 26 15:14:42 2016,7042,-4580,1748,6346,-67,1169,-329
Mon Sep 26 15:14:42 2016,7052,-4194,1530,6260,-174,1117,-421
Mon Sep 26 15:14:42 2016,7062,-3696,1348,5754,-346,1161,-659
Mon Sep 26 15:14:42 2016,7072,-4622,904,5296,-490,1167,-776
Mon Sep 26 15:14:42 2016,7082,-4538,1032,6346,-401,902,-752
Mon Sep 26 15:14:42 2016,7091,-5580,374,6542,-418,949,-942
Mon Sep 26 15:14:43 2016,7101,-4598,812,6914,-294,669,-884
Mon Sep 26 15:14:43 2016,7111,-3706,-162,5298,-323,1320,-819
Mon Sep 26 15:14:43 2016,7120,-4828,956,7200,-327,1384,-764
Mon Sep 26 15:14:43 2016,7130,-4996,676,6318,-239,1333,-886
Mon Sep 26 15:14:43 2016,7140,-4574,1146,6924,-149,1389,-869
Mon Sep 26 15:14:43 2016,7149,-4626,852,6572,-155,1647,-817
Mon Sep 26 15:14:43 2016,7159,-4384,746,6532,-145,2089,-648
Mon Sep 26 15:14:43 2016,7255,-4760,1158,6588,-102,2249,-537
Mon Sep 26 15:14:43 2016,7265,-4192,1206,7332,-30,2693,-680
Mon Sep 26 15:14:43 2016,7275,-6342,970,6928,56,3217,-823
Mon Sep 26 15:14:43 2016,7285,-4966,558,6548,532,4215,-998
Mon Sep 26 15:14:43 2016,7295,-5290,852,9106,439,4172,-507
Mon Sep 26 15:14:43 2016,7305,-5482,924,6964,537,5034,-323
Mon Sep 26 15:14:43 2016,7315,-4542,484,7618,693,5925,-505
Mon Sep 26 15:14:43 2016,7325,-5992,892,7792,325,7321,-294
Mon Sep 26 15:14:43 2016,7335,-8178,2814,6466,457,8034,-722
Mon Sep 26 15:14:43 2016,7346,-7050,1176,5288,560,9126,-344
Mon Sep 26 15:14:43 2016,7355,-1222,-2290,9812,817,10466,-603
Mon Sep 26 15:14:43 2016,7365,-4322,716,7300,917,12015,-446
Mon Sep 26 15:14:43 2016,7375,-5396,1414,7338,1368,13759,-112
Mon Sep 26 15:14:43 2016,7385,-9118,2990,8550,2112,15361,90
Mon Sep 26 15:14:43 2016,7395,-11520,5582,9554,2896,16530,-149
Mon Sep 26 15:14:43 2016,7405,-17172,2912,7484,3929,16571,-790
Mon Sep 26 15:14:43 2016,7449,-17582,2232,16390,5707,15739,-884
Mon Sep 26 15:14:43 2016,7459,-12862,-1068,12522,6931,14468,-1319
Mon Sep 26 15:14:43 2016,7468,-17434,1014,14676,6905,10669,-756
Mon Sep 26 15:14:43 2016,7477,-13794,8208,17874,6589,9004,-256
Mon Sep 26 15:14:43 2016,7486,-3952,4476,18146,5993,6684,-1464
Mon Sep 26 15:14:43 2016,7495,-32768,20228,26000,3358,3499,-2937
Mon Sep 26 15:14:43 2016,7505,-10270,9788,32767,2565,76,-4531
Mon Sep 26 15:14:43 2016,7514,-1954,7856,20212,-73,-4892,-4534
Mon Sep 26 15:14:43 2016,7523,2604,3818,14830,-1186,-6601,-4266
Mon Sep 26 15:14:43 2016,7532,2224,3842,8766,-953,-6831,-4343
Mon Sep 26 15:14:43 2016,7541,1604,4474,7474,-630,-6847,-3929
Mon Sep 26 15:14:43 2016,7551,-110,5312,7688,-648,-7209,-3523
Mon Sep 26 15:14:43 2016,7560,-966,5668,7756,-988,-7845,-2908
Mon Sep 26 15:14:43 2016,7569,-1526,5598,7004,-1245,-8210,-2441
Mon Sep 26 15:14:43 2016,7578,-1626,5078,6234,-1378,-8512,-1972
Mon Sep 26 15:14:43 2016,7587,-2476,4480,6030,-1061,-8833,-1219
Mon Sep 26 15:14:43 2016,7622,-3860,3804,5506,-563,-8989,-702
Mon Sep 26 15:14:43 2016,7632,-5180,4212,5028,-106,-9505,18
Mon Sep 26 15:14:43 2016,7641,-5110,5398,6560,8,-9834,319
Mon Sep 26 15:14:43 2016,7650,-5426,5700,5898,-130,-10081,734
Mon Sep 26 15:14:43 2016,7659,-5798,5540,5668,-224,-10200,1056
Mon Sep 26 15:14:43 2016,7668,-7278,4920,6088,-83,-10166,1671
Mon Sep 26 15:14:43 2016,7678,-7842,4620,6698,210,-10214,2181
Mon Sep 26 15:14:43 2016,7687,-8308,4430,6928,708,-10329,2980
Mon Sep 26 15:14:43 2016,7696,-8196,5070,7884,990,-10316,3468
Mon Sep 26 15:14:43 2016,7705,-9570,4626,7870,1247,-10193,4307
Mon Sep 26 15:14:43 2016,7714,-10078,4580,7522,1253,-10161,4817
Mon Sep 26 15:14:43 2016,7723,-10544,4830,9180,981,-9957,5521
Mon Sep 26 15:14:43 2016,7732,-11378,4590,10170,697,-9807,5952
Mon Sep 26 15:14:43 2016,7742,-11806,4364,11096,173,-9715,6441
Mon Sep 26 15:14:43 2016,7751,-13082,3668,12026,-58,-9756,6502
Mon Sep 26 15:14:43 2016,7760,-13642,2802,12762,-117,-9855,6389
Mon Sep 26 15:14:43 2016,7795,-15162,1970,13214,92,-9978,6147
Mon Sep 26 15:14:43 2016,7804,-16026,1676,13144,789,-10211,5329
Mon Sep 26 15:14:43 2016,7814,-16900,1486,12510,1441,-10358,4606
Mon Sep 26 15:14:43 2016,7823,-17312,1886,11578,2147,-10456,3770
Mon Sep 26 15:14:43 2016,7832,-17548,2738,9804,3148,-10336,2309
Mon Sep 26 15:14:43 2016,7841,-17628,2460,8316,4276,-9971,1114
Mon Sep 26 15:14:43 2016,7851,-18028,-356,5940,5532,-9652,793
Mon Sep 26 15:14:43 2016,7860,-17484,-2118,3844,7972,-9103,1184
Mon Sep 26 15:14:43 2016,7869,-17806,-5770,1376,9583,-8559,2147
Mon Sep 26 15:14:43 2016,7878,-22248,-4748,-1852,10893,-8178,3692
Mon Sep 26 15:14:43 2016,7887,-24818,-3112,-11550,9645,-7811,4188
Mon Sep 26 15:14:43 2016,7897,-23178,-4506,-16592,7347,-6607,4270
Mon Sep 26 15:14:43 2016,7906,-20418,-3440,-17002,2798,-3146,3196
Mon Sep 26 15:14:43 2016,7915,-17974,-3178,-15060,-579,-655,1607
Mon Sep 26 15:14:43 2016,7924,-16154,-4080,-9540,-4569,2179,-1051
Mon Sep 26 15:14:43 2016,7959,-15406,-4788,-5592,-5331,3869,-2873
Mon Sep 26 15:14:43 2016,7968,-15448,-4238,-24,-4394,4515,-3124
Mon Sep 26 15:14:43 2016,7978,-15312,-3108,1952,-2838,4664,-3012
Mon Sep 26 15:14:43 2016,7987,-16128,-934,4470,-361,4347,-1958
Mon Sep 26 15:14:43 2016,7996,31290,14506,29256,1083,3861,-1262
Mon Sep 26 15:14:43 2016,8005,-2670,12206,60,-6027,7408,-493
Mon Sep 26 15:14:43 2016,8014,18062,-9266,-4206,-8962,8736,-3522
Mon Sep 26 15:14:43 2016,8024,-6316,-21264,16766,-3577,14030,-3477
Mon Sep 26 15:14:43 2016,8033,-30610,-10056,26236,-1780,13286,-2700
Mon Sep 26 15:14:43 2016,8042,-20696,32767,32767,-4861,10692,-1732
Mon Sep 26 15:14:43 2016,8051,-23422,14846,4248,-7982,7430,-2271
Mon Sep 26 15:14:43 2016,8061,-10014,-24132,10790,-5738,4301,-827
Mon Sep 26 15:14:43 2016,8070,-5786,-7622,9730,-965,4368,-1847
Mon Sep 26 15:14:43 2016,8079,-13212,6040,6902,-1914,2719,-405
Mon Sep 26 15:14:43 2016,8088,-6364,-714,9492,-1952,1679,-944
Mon Sep 26 15:14:43 2016,8097,-7360,696,7870,-1771,942,-1118
Mon Sep 26 15:14:43 2016,8133,-6668,-540,8496,-1128,478,-602
Mon Sep 26 15:14:43 2016,8142,-5570,2236,7370,-1070,488,-412
Mon Sep 26 15:14:43 2016,8151,-4432,1402,6816,-864,378,-385
Mon Sep 26 15:14:43 2016,8160,-3704,-146,6976,-598,343,-421
Mon Sep 26 15:14:43 2016,8169,-3996,808,7610,-429,175,-299
Mon Sep 26 15:14:43 2016,8179,-3742,284,7432,-311,96,-256
Mon Sep 26 15:14:43 2016,8188,-4150,270,7462,-138,212,-118
Mon Sep 26 15:14:43 2016,8197,-3756,278,7368,78,269,10
Mon Sep 26 15:14:43 2016,8206,-3934,242,7194,227,339,169
Mon Sep 26 15:14:43 2016,8216,-4006,248,7042,463,434,344
Mon Sep 26 15:14:43 2016,8225,-3534,538,7486,653,397,504
Mon Sep 26 15:14:43 2016,8234,-4060,782,6986,700,491,572
Mon Sep 26 15:14:43 2016,8243,-3360,1350,7106,701,566,519
Mon Sep 26 15:14:43 2016,8253,-3226,2052,8076,524,723,343
Mon Sep 26 15:14:44 2016,8262,-3494,1560,7050,361,828,150
Mon Sep 26 15:14:44 2016,8271,-4258,1208,6838,327,866,11
Mon Sep 26 15:14:44 2016,8306,-4094,1208,6726,289,779,-34
Mon Sep 26 15:14:44 2016,8315,-3844,1148,6898,181,733,-71
Mon Sep 26 15:14:44 2016,8325,-4052,914,7190,123,760,-108
Mon Sep 26 15:14:44 2016,8334,-4360,660,6922,245,693,-14
Mon Sep 26 15:14:44 2016,8343,-4380,472,7032,327,641,75
Mon Sep 26 15:14:44 2016,8352,-4246,632,6864,394,553,210
Mon Sep 26 15:14:44 2016,8362,-4052,1470,6520,376,516,225
Mon Sep 26 15:14:44 2016,8371,-3912,1138,6596,320,512,114
Mon Sep 26 15:14:44 2016,8380,-3932,1216,6640,252,562,28
Mon Sep 26 15:14:44 2016,8389,-4044,1072,6520,192,562,-64
Mon Sep 26 15:14:44 2016,8398,-3896,1478,6476,116,552,-143
Mon Sep 26 15:14:44 2016,8408,-3950,1224,6646,-40,609,-284
Mon Sep 26 15:14:44 2016,8417,-4392,940,4498,-170,651,-333
Mon Sep 26 15:14:44 2016,8426,-3506,816,6934,-380,592,-490
Mon Sep 26 15:14:44 2016,8435,-5652,1988,6738,-363,589,-453
Mon Sep 26 15:14:44 2016,8444,-5568,1820,7992,-427,413,-663
Mon Sep 26 15:14:44 2016,8480,-4002,808,7358,-378,432,-433
Mon Sep 26 15:14:44 2016,8489,-4258,388,8572,-404,616,-495
Mon Sep 26 15:14:44 2016,8498,-3886,-596,6492,-300,546,-551
Mon Sep 26 15:14:44 2016,8507,-4000,1092,5816,-377,953,-427
Mon Sep 26 15:14:44 2016,8517,-4492,1036,7768,-345,1114,-451
Mon Sep 26 15:14:44 2016,8526,-4154,360,6906,-304,1307,-564
Mon Sep 26 15:14:44 2016,8535,-3954,726,6774,-274,1406,-393
Mon Sep 26 15:14:44 2016,8544,-3576,1146,6124,-250,1734,-241
Mon Sep 26 15:14:44 2016,8553,-4152,856,6952,-216,1885,-404
Mon Sep 26 15:14:44 2016,8563,-4146,122,6262,-26,2098,-302
Mon Sep 26 15:14:44 2016,8572,-3752,1048,6596,-71,2799,-412
Mon Sep 26 15:14:44 2016,8581,-4900,1398,7090,120,3400,-638
Mon Sep 26 15:14:44 2016,8590,-4758,1502,7650,109,3864,-591
Mon Sep 26 15:14:44 2016,8599,-3082,-182,5946,953,4890,-748
Mon Sep 26 15:14:44 2016,8609,-6100,1080,6108,741,5578,-1193
Mon Sep 26 15:14:44 2016,8618,-5154,124,6264,784,6216,-914
Mon Sep 26 15:14:44 2016,8653,-5454,-360,7392,675,7273,-716
Mon Sep 26 15:14:44 2016,8662,-7776,2890,7932,851,8307,-1207
Mon Sep 26 15:14:44 2016,8671,-2668,-242,10290,894,9326,-1097
Mon Sep 26 15:14:44 2016,8681,-5588,1434,7842,877,11030,-1220
Mon Sep 26 15:14:44 2016,8690,-7728,3690,9714,1265,12236,-1413
Mon Sep 26 15:14:44 2016,8699,-6510,3902,10166,1944,14430,-1835
Mon Sep 26 15:14:44 2016,8708,-8146,3346,8920,2877,15658,-1821
Mon Sep 26 15:14:44 2016,8718,-13132,2318,10050,4795,16199,-2136
Mon Sep 26 15:14:44 2016,8727,-16026,1534,12408,6734,15901,-2049
Mon Sep 26 15:14:44 2016,8736,-16650,2212,13526,6765,15184,-2544
Mon Sep 26 15:14:44 2016,8745,-12622,2920,12670,7129,12465,-3480
Mon Sep 26 15:14:44 2016,8754,-10206,188,11454,7600,11226,-3383
Mon Sep 26 15:14:44 2016,8764,-4600,3750,16696,8542,7878,-3488
Mon Sep 26 15:14:44 2016,8773,-4616,7990,32767,7981,4120,-4356
Mon Sep 26 15:14:44 2016,8782,-28848,24818,18958,4190,1535,-4090
Mon Sep 26 15:14:44 2016,8791,-2908,11872,25992,942,-1967,-3462
Mon Sep 26 15:14:44 2016,8826,2762,6594,14906,-1127,-5090,-2405
Mon Sep 26 15:14:44 2016,8835,3004,3780,11056,-1626,-5834,-1944
Mon Sep 26 15:14:44 2016,8844,1346,1746,8304,-525,-6448,-1509
Mon Sep 26 15:14:44 2016,8853,-100,2070,8146,324,-6960,-1208
Mon Sep 26 15:14:44 2016,8862,-1452,2412,8998,1226,-8144,-818
Mon Sep 26 15:14:44 2016,8872,-1924,3388,8206,1468,-8997,-551
Mon Sep 26 15:14:44 2016,8881,-1714,3860,7238,1319,-9914,-197
Mon Sep 26 15:14:44 2016,8890,-2244,3550,4946,1010,-10040,-4
Mon Sep 26 15:14:44 2016,8899,-2568,3702,5950,667,-10228,158
Mon Sep 26 15:14:44 2016,8908,-3250,1596,4348,517,-10380,330
Mon Sep 26 15:14:44 2016,8918,-4138,2638,7094,997,-10400,668
Mon Sep 26 15:14:44 2016,8927,-5822,1910,7146,1567,-10414,943
Mon Sep 26 15:14:44 2016,8936,-6356,2314,7542,2611,-10679,1631
Mon Sep 26 15:14:44 2016,8945,-6154,2832,6606,3238,-10616,2251
Mon Sep 26 15:14:44 2016,8954,-6248,2866,6052,3840,-9987,3393
Mon Sep 26 15:14:44 2016,8986,-8144,3696,6944,3911,-9452,4211
Mon Sep 26 15:14:44 2016,8995,-9346,4368,8336,3395,-8818,5069
Mon Sep 26 15:14:44 2016,9004,-10774,3986,10118,2823,-8611,5549
Mon Sep 26 15:14:44 2016,9014,-11902,3344,9906,2215,-8392,5944
Mon Sep 26 15:14:44 2016,9023,-10988,1440,10630,2135,-8080,6103
Mon Sep 26 15:14:44 2016,9032,-12430,634,9868,2100,-7571,5632
Mon Sep 26 15:14:44 2016,9041,-13658,1178,10158,1971,-7416,5195
Mon Sep 26 15:14:44 2016,9050,-13898,1228,10048,1819,-7392,4514
Mon Sep 26 15:14:44 2016,9060,-13510,1868,8508,1766,-7180,4114
Mon Sep 26 15:14:44 2016,9069,-12862,2342,7704,1716,-6726,3573
Mon Sep 26 15:14:44 2016,9078,-12644,4318,7222,1535,-6358,3302
Mon Sep 26 15:14:44 2016,9087,-12914,5128,7700,1164,-6020,3252
Mon Sep 26 15:14:44 2016,9096,-12950,4954,7834,1095,-5982,3429
Mon Sep 26 15:14:44 2016,9106,-12660,4614,7378,1302,-6062,3774
Mon Sep 26 15:14:44 2016,9115,-12244,3820,6846,1597,-6086,4022
Mon Sep 26 15:14:44 2016,9151,-12048,2668,6542,2247,-6182,4335
Mon Sep 26 15:14:44 2016,9160,-11778,2042,6114,2678,-6244,4512
Mon Sep 26 15:14:44 2016,9170,-11640,1604,5438,3017,-6288,4577
Mon Sep 26 15:14:44 2016,9180,-10792,844,3954,2964,-6235,4504
Mon Sep 26 15:14:44 2016,9190,-10604,398,2660,2579,-5936,4175
Mon Sep 26 15:14:44 2016,9199,-10250,-782,-278,2220,-5548,3821
Mon Sep 26 15:14:44 2016,9209,-10486,-1692,-2602,1784,-4673,3223
Mon Sep 26 15:14:44 2016,9218,-11476,-3128,-5390,1725,-3897,2889
Mon Sep 26 15:14:44 2016,9228,-12064,-3546,-6404,1760,-3044,2641
Mon Sep 26 15:14:44 2016,9238,-13146,-2304,-5250,1479,-1758,2222
Mon Sep 26 15:14:44 2016,9248,-12778,-1134,-3942,739,-1090,1857
Mon Sep 26 15:14:44 2016,9258,-10888,-652,-2610,-909,-199,1383
Mon Sep 26 15:14:44 2016,9267,-10192,-894,-2270,-2052,788,1178
Mon Sep 26 15:14:44 2016,9277,-10210,-834,-678,-2381,1440,1145
Mon Sep 26 15:14:44 2016,9287,-10790,-174,680,-2637,2085,1014
Mon Sep 26 15:14:44 2016,9322,-11598,-194,2550,-2555,2266,998
Mon Sep 26 15:14:44 2016,9332,-12792,-94,4356,-1985,2052,1357
Mon Sep 26 15:14:44 2016,9342,-10474,420,4386,-1613,1785,1756
Mon Sep 26 15:14:44 2016,9352,-8706,80,2818,-1327,2124,2060
Mon Sep 26 15:14:44 2016,9361,31226,10184,7302,-3094,4031,3040
Mon Sep 26 15:14:45 2016,9371,17216,14948,13792,-5301,7558,353
Mon Sep 26 15:14:45 2016,9381,21802,-13056,-9886,-8901,10621,-4325
Mon Sep 26 15:14:45 2016,9390,-1920,-20254,5684,-3582,14656,-3243
Mon Sep 26 15:14:45 2016,9400,-4456,-8980,13132,-2083,16292,-1600
Mon Sep 26 15:14:45 2016,9410,-6262,-3382,6672,-1293,17303,-2904
Mon Sep 26 15:14:45 2016,9420,-32768,26054,32767,-4290,15839,-2920
Mon Sep 26 15:14:45 2016,9429,-32768,8824,16320,-5466,9811,-5234
Mon Sep 26 15:14:45 2016,9439,-7298,-30218,10362,-2684,5765,-3949
Mon Sep 26 15:14:45 2016,9449,-9820,4206,16858,-3658,1962,-1021
Mon Sep 26 15:14:45 2016,9458,-32768,-268,-1946,-2832,809,445
Mon Sep 26 15:14:45 2016,9468,-1546,1644,7050,-2143,544,-548
Mon Sep 26 15:14:45 2016,9504,-5390,-284,8060,-871,442,-573
Mon Sep 26 15:14:45 2016,9513,-6240,2412,5822,-620,174,-514
Mon Sep 26 15:14:45 2016,9523,-4486,328,7252,-486,-50,-537
Mon Sep 26 15:14:45 2016,9533,-4804,1506,6940,-422,-147,-463
Mon Sep 26 15:14:45 2016,9543,-4244,588,6876,-379,-295,-427
Mon Sep 26 15:14:45 2016,9553,-3916,842,6974,-326,-251,-351
Mon Sep 26 15:14:45 2016,9562,-4070,746,6708,-236,-133,-314
Mon Sep 26 15:14:45 2016,9572,-3666,206,6780,-227,-4,-310
Mon Sep 26 15:14:45 2016,9582,-3882,794,6892,-292,114,-325
Mon Sep 26 15:14:45 2016,9592,-4284,188,7112,-286,221,-317
Mon Sep 26 15:14:45 2016,9601,-4394,140,7082,-263,290,-221
Mon Sep 26 15:14:45 2016,9611,-4502,1078,5882,-302,261,-195
Mon Sep 26 15:14:45 2016,9621,-4676,428,3540,-237,632,-52
Mon Sep 26 15:14:45 2016,9631,-3190,870,8546,-311,581,-69
Mon Sep 26 15:14:45 2016,9640,-4078,1048,7292,-179,454,-121
Mon Sep 26 15:14:45 2016,9650,-4152,826,6602,-169,348,-196
Mon Sep 26 15:14:45 2016,9686,-4154,598,6770,-115,210,-282
Mon Sep 26 15:14:45 2016,9695,-3936,530,6964,-142,159,-316
Mon Sep 26 15:14:45 2016,9705,-4404,478,6868,-126,96,-358
Mon Sep 26 15:14:45 2016,9715,-4456,618,6882,-121,64,-352
Mon Sep 26 15:14:45 2016,9724,-4360,462,6664,-53,126,-285
Mon Sep 26 15:14:45 2016,9734,-4292,548,6830,-68,133,-275
Mon Sep 26 15:14:45 2016,9744,-4104,582,6916,-78,171,-285
Mon Sep 26 15:14:45 2016,9754,-4184,518,6914,-88,199,-303
Mon Sep 26 15:14:45 2016,9763,-4154,440,6910,-100,207,-307
Mon Sep 26 15:14:45 2016,9773,-4306,542,6852,-54,171,-272
Mon Sep 26 15:14:45 2016,9783,-4546,296,6814,-64,145,-275
Mon Sep 26 15:14:45 2016,9792,-4758,128,7896,186,87,150
Mon Sep 26 15:14:45 2016,9802,-4324,454,6526,-73,6,-197
Mon Sep 26 15:14:45 2016,9812,-4180,462,6696,-63,14,-188
Mon Sep 26 15:14:45 2016,9822,-4218,426,6970,-31,48,-205
Mon Sep 26 15:14:45 2016,9831,-4296,338,6934,1,112,-182
Mon Sep 26 15:14:45 2016,9867,-4352,118,6770,4,169,-140
Mon Sep 26 15:14:45 2016,9877,-4142,140,6900,-19,135,-90
Mon Sep 26 15:14:45 2016,9887,-4228,424,6922,-29,200,-47
Mon Sep 26 15:14:45 2016,9896,-4236,386,6874,-4,259,-34
Mon Sep 26 15:14:45 2016,9906,-4380,420,6786,14,317,-44
Mon Sep 26 15:14:45 2016,9916,-4426,452,6832,18,322,-51
Mon Sep 26 15:14:45 2016,9926,-4428,382,6734,17,282,-79
Mon Sep 26 15:14:45 2016,9935,-4408,352,6678,3,219,-71
Mon Sep 26 15:14:45 2016,9945,-4500,268,6814,3,180,-54
Mon Sep 26 15:14:45 2016,9955,-4422,440,6756,-27,177,-32
Mon Sep 26 15:14:45 2016,9965,-4574,612,6726,-14,141,-49
Mon Sep 26 15:14:45 2016,9974,-4570,368,6536,-34,71,-53
Mon Sep 26 15:14:45 2016,9984,-4382,270,6754,-28,-30,-65
Mon Sep 26 15:14:45 2016,9994,-4528,226,6690,-50,-76,-44
Mon Sep 26 15:14:45 2016,10003,-4316,386,6834,-66,-108,-23
Mon Sep 26 15:14:45 2016,10041,-4390,496,6718,-62,-91,-40
Mon Sep 26 15:14:45 2016,10050,-4430,298,6824,-40,-99,-35
Mon Sep 26 15:14:45 2016,10060,-4316,434,6596,-51,-157,-24
Mon Sep 26 15:14:45 2016,10070,-4460,764,6708,-16,-61,-56
Mon Sep 26 15:14:45 2016,10080,-4242,316,6872,15,-8,-81
Mon Sep 26 15:14:45 2016,10089,-4372,236,6820,23,63,-51
Mon Sep 26 15:14:45 2016,10099,-4340,296,6836,11,79,-36
Mon Sep 26 15:14:45 2016,10109,-4368,356,6760,-12,58,-20
Mon Sep 26 15:14:45 2016,10118,-4062,342,6884,3,7,-12
Mon Sep 26 15:14:45 2016,10128,-4228,392,6822,3,64,-12
Mon Sep 26 15:14:45 2016,10138,-4290,328,6808,16,67,-11
Mon Sep 26 15:14:45 2016,10147,-4214,498,6882,13,80,-28
Mon Sep 26 15:14:45 2016,10157,-4298,442,6750,28,105,-41
Mon Sep 26 15:14:45 2016,10167,-4134,382,6812,35,94,-50
Mon Sep 26 15:14:45 2016,10177,-4174,418,6982,70,145,-48
Mon Sep 26 15:14:45 2016,10212,-4238,280,6860,66,210,-70
Mon Sep 26 15:14:45 2016,10222,-4330,242,6832,64,300,-35
Mon Sep 26 15:14:45 2016,10232,-4382,308,6766,61,343,-24
Mon Sep 26 15:14:45 2016,10241,-4444,288,6660,47,340,-18
Mon Sep 26 15:14:45 2016,10251,-4424,294,6760,38,326,0
Mon Sep 26 15:14:45 2016,10261,-4378,462,6782,37,321,11
Mon Sep 26 15:14:45 2016,10270,-4446,540,6804,47,332,-23
Mon Sep 26 15:14:45 2016,10280,-4432,452,6718,42,346,-47
Mon Sep 26 15:14:45 2016,10290,-4454,444,6748,27,325,-77
Mon Sep 26 15:14:45 2016,10300,-4454,578,6656,32,309,-90
Mon Sep 26 15:14:45 2016,10309,-4328,482,6732,41,360,-130
Mon Sep 26 15:14:45 2016,10319,-4432,398,6748,38,400,-133
Mon Sep 26 15:14:45 2016,10329,-4424,252,6694,51,466,-133
Mon Sep 26 15:14:45 2016,10339,-4540,182,6696,48,497,-113
Mon Sep 26 15:14:45 2016,10348,-4532,178,6630,52,542,-88
Mon Sep 26 15:14:45 2016,10447,-4584,172,6670,54,561,-65
Mon Sep 26 15:14:45 2016,10456,-4624,214,6610,51,564,-29
Mon Sep 26 15:14:45 2016,10467,-4676,312,6564,42,545,6
Mon Sep 26 15:14:45 2016,10477,-4720,400,6466,46,504,4
Mon Sep 26 15:14:45 2016,10487,-4754,394,6460,30,425,2
Mon Sep 26 15:14:45 2016,10497,-4712,382,6432,28,308,-18
Mon Sep 26 15:14:45 2016,10507,-4788,532,6536,47,269,-21
Mon Sep 26 15:14:45 2016,10517,-4682,446,6500,49,229,-46
Mon Sep 26 15:14:45 2016,10526,-4744,312,6134,41,178,-54
Mon Sep 26 15:14:45 2016,10537,-4604,434,6552,39,91,-76
Mon Sep 26 15:14:45 2016,10547,-4784,264,6488,69,65,-56
Mon Sep 26 15:14:45 2016,10556,-4756,224,6356,48,26,-50
Mon Sep 26 15:14:46 2016,10567,-4714,290,6432,31,-62,-28
Mon Sep 26 15:14:46 2016,10577,-4744,416,6494,15,-93,-37
Mon Sep 26 15:14:46 2016,10587,-4692,316,6512,15,-127,-40
Mon Sep 26 15:14:46 2016,10622,-4706,418,6510,22,-154,-38
Mon Sep 26 15:14:46 2016,10632,-4724,314,6478,20,-185,-43
Mon Sep 26 15:14:46 2016,10641,-4590,362,6606,6,-206,-26
Mon Sep 26 15:14:46 2016,10650,-4598,432,6664,21,-206,-11
Mon Sep 26 15:14:46 2016,10659,-4578,396,6670,39,-187,-23
Mon Sep 26 15:14:46 2016,10669,-4580,376,6654,41,-160,-32
Mon Sep 26 15:14:46 2016,10678,-4562,368,6616,36,-145,-42
Mon Sep 26 15:14:46 2016,10687,-4572,384,6664,35,-116,-42
Mon Sep 26 15:14:46 2016,10696,-4520,358,6702,40,-96,-35
Mon Sep 26 15:14:46 2016,10706,-4518,374,6722,31,-31,-36
Mon Sep 26 15:14:46 2016,10715,-4560,400,6640,38,-15,-24
Mon Sep 26 15:14:46 2016,10724,-4564,374,6596,53,39,-30
Mon Sep 26 15:14:46 2016,10733,-4546,356,6578,66,61,-17
Mon Sep 26 15:14:46 2016,10743,-4500,450,6556,60,116,-42
Mon Sep 26 15:14:46 2016,10752,-4550,466,6592,53,155,-51
Mon Sep 26 15:14:46 2016,10787,-4584,310,6600,72,190,-50
Mon Sep 26 15:14:46 2016,10796,-4624,364,6578,50,194,-55
Mon Sep 26 15:14:46 2016,10806,-4666,326,6466,59,187,-47
Mon Sep 26 15:14:46 2016,10815,-4706,286,6494,42,150,-26
Mon Sep 26 15:14:46 2016,10824,-4784,422,6466,38,104,-27
Mon Sep 26 15:14:46 2016,10833,-4740,440,6596,41,84,-29
Mon Sep 26 15:14:46 2016,10843,-4720,342,6510,37,37,-32
Mon Sep 26 15:14:46 2016,10852,-4624,370,6706,41,9,-23
Mon Sep 26 15:14:46 2016,10861,-4648,464,6550,29,-16,-49
Mon Sep 26 15:14:46 2016,10870,-4688,382,6456,35,-42,-43
Mon Sep 26 15:14:46 2016,10880,-4614,388,6564,30,-76,-44
Mon Sep 26 15:14:46 2016,10889,-4694,472,6552,29,-93,-31
Mon Sep 26 15:14:46 2016,10898,-4520,414,6882,27,-72,-28
Mon Sep 26 15:14:46 2016,10908,-4680,510,6238,20,-149,-48
Mon Sep 26 15:14:46 2016,10917,-4548,400,6554,15,-105,-56
Mon Sep 26 15:14:46 2016,10952,-4630,412,6628,33,-96,-67
Mon Sep 26 15:14:46 2016,10961,-4604,400,6584,28,-96,-66
Mon Sep 26 15:14:46 2016,10970,-4538,366,6572,31,-95,-63
Mon Sep 26 15:14:46 2016,10980,-4540,318,6664,25,-73,-74
Mon Sep 26 15:14:46 2016,10989,-4670,350,6480,22,27,-59
Mon Sep 26 15:14:46 2016,10998,-4550,312,6542,33,20,-52
Mon Sep 26 15:14:46 2016,11007,-4612,340,6538,39,61,-40
Mon Sep 26 15:14:46 2016,11016,-4578,404,6590,51,80,-28
Mon Sep 26 15:14:46 2016,11026,-4558,408,6708,53,111,-30
Mon Sep 26 15:14:46 2016,11035,-4578,448,6662,58,131,-35
Mon Sep 26 15:14:46 2016,11044,-4652,362,6512,47,171,-37
Mon Sep 26 15:14:46 2016,11054,-4680,416,6556,53,170,-51
Mon Sep 26 15:14:46 2016,11063,-4670,392,6526,36,183,-35
Mon Sep 26 15:14:46 2016,11072,-4692,376,6492,50,176,-45
Mon Sep 26 15:14:46 2016,11081,-4700,388,6556,40,142,-34
Mon Sep 26 15:14:46 2016,11113,-4676,486,6496,35,123,-53
Mon Sep 26 15:14:46 2016,11122,-4668,392,6530,41,120,-58
Mon Sep 26 15:14:46 2016,11132,-4682,418,6606,37,95,-68
Mon Sep 26 15:14:46 2016,11141,-4652,430,6584,31,91,-80
Mon Sep 26 15:14:46 2016,11150,-4654,370,6528,40,81,-77
Mon Sep 26 15:14:46 2016,11159,-4642,356,6560,47,80,-70
Mon Sep 26 15:14:46 2016,11169,-4634,316,6584,32,79,-48
Mon Sep 26 15:14:46 2016,11178,-4704,428,6524,28,89,-54
Mon Sep 26 15:14:46 2016,11187,-5018,474,6218,51,103,-75
Mon Sep 26 15:14:46 2016,11196,-4688,364,6594,25,125,-64
Mon Sep 26 15:14:46 2016,11206,-4696,350,6566,34,100,-52
Mon Sep 26 15:14:46 2016,11215,-4738,394,6552,33,90,-40
Mon Sep 26 15:14:46 2016,11224,-4710,372,6466,36,66,-38
Mon Sep 26 15:14:46 2016,11233,-4662,424,6598,34,60,-55
Mon Sep 26 15:14:46 2016,11243,-4674,452,6548,31,60,-58
Mon Sep 26 15:14:46 2016,11278,-4648,424,6600,36,85,-73
Mon Sep 26 15:14:46 2016,11287,-4666,406,6570,50,118,-68
Mon Sep 26 15:14:46 2016,11297,-4724,348,6458,46,140,-59
Mon Sep 26 15:14:46 2016,11306,-4738,318,6494,59,140,-46
Mon Sep 26 15:14:46 2016,11315,-4680,404,6496,49,129,-39
Mon Sep 26 15:14:46 2016,11324,-4642,412,6608,58,141,-25
Mon Sep 26 15:14:46 2016,11334,-4704,438,6460,42,172,-36
Mon Sep 26 15:14:46 2016,11343,-4680,388,6538,47,177,-38
Mon Sep 26 15:14:46 2016,11352,-4796,368,6592,61,204,-60
Mon Sep 26 15:14:46 2016,11362,-4740,362,6492,55,189,-37
Mon Sep 26 15:14:46 2016,11371,-4698,412,6482,56,196,-39
Mon Sep 26 15:14:46 2016,11380,-4742,358,6542,52,195,-14
Mon Sep 26 15:14:46 2016,11389,-4740,450,6556,51,208,-30
Mon Sep 26 15:14:46 2016,11399,-4796,446,6484,60,206,-37
Mon Sep 26 15:14:46 2016,11408,-4834,358,6430,59,190,-41
Mon Sep 26 15:14:46 2016,11443,-4860,374,6450,45,167,-49
Mon Sep 26 15:14:46 2016,11452,-4792,334,6418,52,130,-31
Mon Sep 26 15:14:46 2016,11462,-4768,422,6440,50,130,-33
Mon Sep 26 15:14:46 2016,11471,-4738,376,6418,48,116,-24
Mon Sep 26 15:14:46 2016,11480,-4802,384,6454,58,114,-34
Mon Sep 26 15:14:46 2016,11489,-4820,388,6346,53,104,-35
Mon Sep 26 15:14:46 2016,11499,-4812,362,6418,54,80,-28
Mon Sep 26 15:14:46 2016,11508,-4842,386,6480,40,57,-32
Mon Sep 26 15:14:46 2016,11517,-4804,396,6450,45,28,-31
Mon Sep 26 15:14:46 2016,11526,-4822,452,6494,36,34,-44
Mon Sep 26 15:14:46 2016,11535,-4796,374,6476,31,31,-41
Mon Sep 26 15:14:46 2016,11545,-4798,438,6474,29,34,-55
Mon Sep 26 15:14:46 2016,11554,-4840,442,6392,35,11,-57
Mon Sep 26 15:14:46 2016,11563,-4800,378,6458,33,-5,-43
Mon Sep 26 15:14:46 2016,11572,-4812,418,6408,36,-15,-43
Mon Sep 26 15:14:46 2016,11607,-4838,384,6452,36,-16,-34
Mon Sep 26 15:14:46 2016,11617,-4816,368,6450,48,-14,-30
Mon Sep 26 15:14:46 2016,11626,-4768,456,6410,26,-13,-57
Mon Sep 26 15:14:46 2016,11635,-4810,448,6394,43,3,-66
Mon Sep 26 15:14:46 2016,11644,-4792,336,6430,43,27,-60
Mon Sep 26 15:14:46 2016,11654,-4822,350,6466,52,43,-54
Mon Sep 26 15:14:46 2016,11663,-4786,324,6478,46,50,-31
Mon Sep 26 15:14:47 2016,11672,-4820,388,6418,45,66,-41
Mon Sep 26 15:14:47 2016,11682,-4876,448,6362,52,55,-33
Mon Sep 26 15:14:47 2016,11691,-4728,398,6410,42,61,-24
Mon Sep 26 15:14:47 2016,11700,-4812,420,6532,38,69,-20
Mon Sep 26 15:14:47 2016,11709,-4818,376,6442,46,76,-29
Mon Sep 26 15:14:47 2016,11718,-4814,378,6426,42,70,-15
Mon Sep 26 15:14:47 2016,11728,-4816,446,6454,38,73,-18
Mon Sep 26 15:14:47 2016,11737,-4746,454,6488,43,73,-31
Mon Sep 26 15:14:47 2016,11772,-4836,394,6392,40,84,-35
Mon Sep 26 15:14:47 2016,11781,-4828,402,6464,49,86,-37
Mon Sep 26 15:14:47 2016,11791,-4884,368,6368,55,80,-38
Mon Sep 26 15:14:47 2016,11800,-4864,382,6376,51,68,-20
Mon Sep 26 15:14:47 2016,11809,-4840,396,6364,57,52,-15
Mon Sep 26 15:14:47 2016,11818,-4810,424,6444,57,29,1
Mon Sep 26 15:14:47 2016,11828,-4858,458,6418,56,23,-14
Mon Sep 26 15:14:47 2016,11837,-4834,450,6406,48,20,-28
Mon Sep 26 15:14:47 2016,11846,-4828,470,6280,44,3,-46
Mon Sep 26 15:14:47 2016,11855,-4768,432,6714,51,-6,-30
Mon Sep 26 15:14:47 2016,11865,-4848,502,6398,43,-11,-34
Mon Sep 26 15:14:47 2016,11874,-4812,456,6438,55,1,-39
Mon Sep 26 15:14:47 2016,11883,-4790,418,6448,41,8,-40
Mon Sep 26 15:14:47 2016,11892,-4848,442,6454,39,10,-40
Mon Sep 26 15:14:47 2016,11902,-4862,406,6438,48,29,-39
Mon Sep 26 15:14:47 2016,11937,-4922,404,6410,47,17,-43
Mon Sep 26 15:14:47 2016,11946,-4850,446,6416,47,-3,-31
Mon Sep 26 15:14:47 2016,11956,-4822,430,6516,57,-11,-26
Mon Sep 26 15:14:47 2016,11965,-4838,456,6362,28,0,-34
Mon Sep 26 15:14:47 2016,11974,-4834,438,6454,41,-15,-43
Mon Sep 26 15:14:47 2016,11983,-4844,420,6410,40,-7,-41
Mon Sep 26 15:14:47 2016,11993,-4886,436,6402,43,-7,-28
Mon Sep 26 15:14:47 2016,12002,-4842,400,6348,40,-29,-39
Mon Sep 26 15:14:47 2016,12011,-4840,500,6456,32,-37,-36
Mon Sep 26 15:14:47 2016,12020,-4856,436,6408,30,-49,-43
Mon Sep 26 15:14:47 2016,12030,-4840,466,6466,30,-52,-49
Mon Sep 26 15:14:47 2016,12039,-4850,466,6432,27,-48,-56
Mon Sep 26 15:14:47 2016,12048,-4818,404,6460,31,-59,-55
Mon Sep 26 15:14:47 2016,12058,-4778,456,6396,24,-88,-57
Mon Sep 26 15:14:47 2016,12067,-4786,426,6410,32,-76,-46
Mon Sep 26 15:14:47 2016,12102,-4830,418,6448,29,-80,-45
Mon Sep 26 15:14:47 2016,12111,-4764,398,6512,37,-81,-47
Mon Sep 26 15:14:47 2016,12120,-4790,448,6446,42,-57,-41
Mon Sep 26 15:14:47 2016,12130,-4770,434,6466,35,-33,-54
Mon Sep 26 15:14:47 2016,12139,-4768,400,6452,28,-25,-57
Mon Sep 26 15:14:47 2016,12148,-4798,396,6476,32,-14,-48
Mon Sep 26 15:14:47 2016,12158,-4830,384,6458,33,-12,-37
Mon Sep 26 15:14:47 2016,12167,-4782,388,6406,29,-23,-42
